City,Professional,Service,Office,Construction,Production
Aberdeen,25.0,24.9,23.1,11.8,15.1
Abilene,30.3,21.9,25.8,11.1,10.9
Abingdon,76.8,31.8,49.8,15.899999999999999,25.7
Adams Run,34.5,16.7,26.1,10.5,12.3
Addison,56.3,40.400000000000006,40.400000000000006,30.8,32.0
Adena,26.4,19.9,23.7,14.6,15.3
Adger,25.4,17.6,25.3,14.2,17.6
Adjuntas,34.3,18.1,21.7,12.9,13.1
Adrian,67.2,38.8,43.8,21.0,29.2
Afton,72.1,32.0,36.8,39.7,19.3
Aguada,61.1,45.8,51.2,22.1,19.9
Aguadilla,28.4,20.3,29.6,13.6,8.1
Aguas Buenas,26.2,16.5,27.3,16.0,14.0
Aguirre,23.2,27.9,22.2,15.1,11.6
Aiken,26.7,18.3,21.6,13.0,20.4
Akron,50.2,35.599999999999994,43.8,23.1,47.5
Akutan,13.6,9.4,7.2,14.2,55.6
Alamo,28.4,14.4,22.0,13.1,22.1
Alamogordo,25.2,25.9,26.0,15.4,7.4
Alamosa,29.0,19.9,23.0,17.8,10.3
Albany,230.50000000000003,121.89999999999999,162.6,74.59999999999998,110.59999999999998
Albion,35.6,17.5,18.5,16.1,12.3
Albrightsville,27.2,18.9,22.6,12.2,19.0
Albuquerque,40.3,19.9,23.5,8.6,7.8
Alexander,30.4,17.2,18.2,14.3,19.9
Alexander City,33.3,16.0,25.2,9.6,15.9
Alexandria,73.69999999999999,32.7,48.0,19.6,26.1
Alice,18.1,24.4,21.9,22.9,12.6
Aliceville,23.8,29.9,19.7,7.1,19.6
Alix,26.0,18.3,22.0,12.2,21.6
Alleghany,33.9,11.8,18.2,17.8,18.3
Allen,52.1,11.8,25.2,5.2,5.7
Allendale,30.4,20.6,23.9,7.7,17.3
Allenhurst,27.1,18.0,27.2,13.4,14.3
Alleyton,29.0,16.9,20.4,16.2,17.5
Alliance,42.2,16.3,20.4,14.8,6.4
Allison,27.7,17.7,19.6,22.1,12.9
Allouez,35.6,29.3,15.3,10.2,9.5
Alma,52.4,27.1,49.7,36.099999999999994,34.599999999999994
Alma Center,26.4,21.8,19.0,13.4,19.4
Almena,26.6,17.1,20.6,12.2,23.5
Almyra,26.8,17.0,20.8,8.7,26.7
Alpena,88.4,52.099999999999994,54.8,42.2,62.400000000000006
Alpharetta,49.4,15.0,24.1,4.0,7.5
Alpine,69.1,36.0,43.7,19.9,31.299999999999997
Alston,25.2,19.3,21.6,10.7,23.2
Altamont,38.2,19.4,25.4,7.0,10.0
Alto,57.1,44.9,46.8,23.700000000000003,27.599999999999998
Altonah,29.7,13.8,18.4,21.3,16.7
Altoona,31.0,21.5,27.6,10.4,9.6
Altus,25.8,21.8,21.5,15.5,15.4
Alva,60.400000000000006,38.2,39.599999999999994,31.9,29.9
Alvo,32.6,16.3,25.2,12.7,13.2
Amado,36.0,21.7,25.0,8.9,8.4
Amargosa Valley,23.9,25.3,25.8,15.4,9.6
Amarillo,62.0,40.6,50.0,20.9,26.6
Amasa,25.6,20.3,24.4,13.8,15.8
Amboy,34.9,17.3,24.7,9.1,14.0
Amelia,33.5,17.9,21.5,14.8,12.2
Amistad,39.6,24.2,13.9,13.0,9.2
Amity,25.2,17.9,19.3,19.0,18.6
Anaconda,66.0,45.7,34.5,29.9,24.1
Anamosa,29.9,18.1,19.6,12.1,20.3
Anawalt,23.4,24.9,20.6,18.2,13.0
Anchorage,39.7,17.7,23.9,9.4,9.3
Andalusia,51.599999999999994,37.4,46.7,26.2,38.099999999999994
Anderson,30.3,16.5,25.3,9.5,18.4
Andersonville,20.5,20.4,19.5,11.8,27.8
Andrews,48.599999999999994,30.6,49.5,38.5,33.0
Angela,34.6,19.5,16.5,19.7,9.7
Angola,39.1,21.6,16.0,16.3,6.9
Angoon,35.6,18.1,16.5,18.1,11.6
Angora,25.9,17.1,22.9,22.8,11.3
Animas,24.5,26.9,20.8,18.4,9.3
Annabella,26.2,18.2,24.4,15.3,16.0
Annapolis,19.3,23.1,24.7,13.9,19.0
Anniston,27.3,17.7,24.2,10.5,20.4
Antigo,25.8,17.2,24.1,13.8,19.1
Apache,28.1,16.9,21.5,18.5,15.0
Appleton City,26.2,20.7,23.2,13.7,16.2
Arab,28.1,14.6,22.7,13.4,21.1
Aragon,34.3,14.8,22.7,25.5,2.7
Aransas Pass,28.6,19.9,22.7,18.5,10.3
Arapahoe,65.9,32.3,43.3,30.900000000000002,27.6
Arcadia,77.8,61.8,58.099999999999994,55.900000000000006,46.4
Arcanum,55.2,35.9,42.900000000000006,21.0,44.9
Arco,34.3,20.4,15.0,15.9,14.4
Arcola,26.3,15.4,25.1,11.6,21.5
Ardenvoir,29.3,19.5,20.4,16.8,14.0
Ardmore,33.3,15.2,17.6,13.6,20.4
Arena,32.4,16.3,23.2,13.4,14.7
Arkadelphia,35.0,21.1,22.4,7.4,14.0
Arlington,250.79999999999998,89.8,127.0,59.2,73.2
Armagh,29.4,18.7,24.1,12.6,15.1
Armour,34.5,20.7,19.8,12.5,12.5
Armstrong,24.9,34.1,20.5,20.5,0.0
Arnett,31.3,20.9,24.0,14.2,9.6
Arnold,102.19999999999999,53.400000000000006,58.1,43.2,43.099999999999994
Arpin,30.4,16.5,22.7,10.0,20.4
Arroyo,25.5,28.6,20.9,11.2,13.9
Artemus,25.8,18.6,25.4,11.1,19.2
Ash,28.8,21.6,25.9,13.4,10.3
Ash Grove,63.5,40.7,44.9,19.0,31.8
Ashburn,62.4,32.8,50.0,28.6,26.299999999999997
Ashburnham,40.9,17.5,23.1,7.5,11.0
Ashford,26.5,19.6,21.4,20.1,12.5
Ashland,134.3,61.9,84.49999999999999,43.300000000000004,76.0
Ashley,35.4,19.0,18.6,14.6,12.5
Aspen,40.4,23.6,25.0,6.9,4.0
Assaria,31.3,18.0,20.9,9.7,20.1
Astoria,32.3,24.8,24.0,8.2,10.7
Atchison,32.8,17.1,21.7,10.1,18.3
Athens,99.69999999999999,53.2,65.7,27.9,53.7
Atkins,28.8,14.2,23.3,16.7,17.0
Atlanta,21.4,24.9,23.3,11.1,19.3
Atlantic,33.1,16.8,20.5,14.2,15.4
Atlantic City,29.9,29.8,24.0,8.0,8.2
Attleboro,34.4,18.9,24.8,9.3,12.6
Atwood,27.1,17.0,23.3,11.0,21.6
Au Gres,26.8,20.6,23.0,11.1,18.5
Auburn,96.30000000000001,71.0,89.80000000000001,52.60000000000001,90.5
Auburntown,26.6,14.2,23.5,12.4,23.4
Audubon,32.7,17.5,20.2,13.7,15.9
Augusta,144.0,65.2,99.4,39.5,51.8
Aurora,55.1,34.1,44.1,26.6,40.1
Austin,91.2,44.0,53.900000000000006,59.699999999999996,51.1
Austinburg,25.3,18.5,22.2,10.1,23.9
Austinville,26.8,18.0,20.2,14.6,20.4
Autaugaville,33.2,17.0,24.2,8.6,17.1
Avera,24.4,21.8,14.9,14.5,24.4
Avinger,21.3,19.2,24.4,14.9,20.2
Avoca,28.3,20.4,24.5,14.7,12.1
Avondale,30.1,22.8,25.7,9.8,11.7
Axtell,61.9,39.8,43.2,24.5,30.6
Axton,25.0,16.5,26.7,9.4,22.4
Azle,28.5,15.6,25.1,14.0,16.8
Bainbridge,31.2,18.6,22.0,10.0,18.1
Bajadero,29.4,19.9,28.9,8.5,13.3
Baker,30.2,17.3,18.1,19.3,15.1
Baker City,36.7,14.2,22.5,13.8,12.8
Bakersfield,51.7,40.3,43.4,33.2,31.4
Baldwin,27.8,17.1,24.2,10.0,21.0
Baldwyn,30.8,16.3,24.2,8.0,20.7
Balko,33.0,13.0,19.1,19.9,14.9
Ball Ground,38.0,15.4,28.2,8.9,9.4
Baltic,20.8,13.5,19.3,14.7,31.6
Baltimore,40.5,20.8,23.1,5.6,10.0
Bandana,26.9,16.5,23.2,12.0,21.4
Banks,29.7,15.9,25.6,9.4,19.3
Barceloneta,19.8,28.6,21.4,16.1,14.1
Barksdale,22.7,20.9,26.9,22.0,7.5
Barnesville,57.3,34.8,43.7,24.4,39.8
Barnhart,29.2,18.7,25.4,12.4,14.3
Barnum,30.5,19.8,23.3,12.0,14.4
Barranquitas,58.5,40.0,52.0,27.3,22.2
Bartlett,45.4,14.6,24.9,7.4,7.7
Barton,35.5,17.7,22.5,9.4,14.8
Bartow,30.1,18.1,26.2,11.1,14.5
Basehor,36.6,18.6,23.1,10.2,11.6
Basile,28.0,17.4,24.3,14.9,15.4
Bassett,23.7,17.4,21.6,11.0,26.2
Batavia,30.4,18.4,22.5,11.9,16.8
Bates,34.8,18.3,21.4,13.7,11.7
Batesburg,21.9,14.8,21.3,19.4,22.7
Batesville,27.5,16.8,22.6,11.9,21.1
Bath,28.9,17.6,21.6,12.8,19.1
Bath Springs,28.4,20.9,18.5,13.0,19.2
Battle Creek,28.8,16.9,23.9,12.1,18.3
Battle Ground,22.9,15.9,22.9,13.4,24.9
Battle Mountain,37.5,11.4,15.9,23.8,11.4
Bauxite,33.9,16.1,27.7,11.0,11.2
Bay City,52.2,41.3,49.3,25.9,31.5
Bay Port,27.3,16.4,22.0,13.3,20.9
Bayamon,33.4,17.5,33.6,7.6,8.0
Bayport,37.8,17.5,25.7,9.4,9.5
Beach,36.4,20.2,20.0,17.9,5.4
Beach Haven,34.5,18.5,27.4,10.7,8.9
Bealeton,42.6,15.4,22.3,12.2,7.5
Bear Creek,39.4,16.6,19.8,11.5,12.6
Beattyville,22.0,29.5,22.1,13.1,13.3
Beaufort,33.6,24.3,24.9,9.8,7.6
Beaumont,24.5,12.8,24.7,10.2,27.8
Beaverton,67.7,39.400000000000006,46.5,19.4,27.0
Bechtelsville,31.3,16.3,24.2,9.2,18.9
Becker,34.0,16.1,23.4,10.7,15.8
Bedford,23.8,16.0,19.0,18.8,22.3
Bee Branch,25.3,16.7,22.1,19.6,16.3
Beeson,31.2,19.3,27.8,10.4,11.2
Beeville,21.3,26.4,22.4,14.5,15.5
Bejou,33.5,17.5,20.4,14.6,14.0
Belden,22.8,10.7,25.7,7.9,32.9
Belgium,46.5,14.0,22.5,6.8,10.1
Bella Vista,31.4,21.4,27.4,10.8,8.9
Bellaire,26.3,23.0,22.3,11.0,17.4
Belle Plaine,41.1,14.6,23.8,8.1,12.3
Belleview,22.5,25.2,20.9,12.1,19.3
Belleville,34.7,19.5,24.7,8.1,13.0
Bellevue,70.5,33.3,49.900000000000006,23.3,22.9
Bells,31.4,18.2,24.9,11.2,14.3
Belmont,32.1,21.0,19.5,11.7,15.8
Belpre,30.4,16.9,25.4,10.4,16.9
Belvidere,33.2,18.1,24.1,10.2,14.5
Bend,22.3,25.2,26.0,9.6,16.9
Benicia,32.5,20.1,25.3,10.1,12.0
Benkelman,41.3,9.1,16.4,22.5,10.6
Bennett,33.9,14.2,24.3,10.3,17.3
Bennington,55.6,43.1,41.8,21.0,38.599999999999994
Benzonia,29.7,22.2,22.5,12.5,13.2
Berea,58.0,25.8,46.599999999999994,26.4,43.2
Berkeley Springs,30.9,19.0,19.0,15.8,15.2
Berlin Heights,29.5,22.4,22.0,8.1,18.1
Bern,25.3,19.3,23.8,16.1,15.6
Bernalillo,39.7,17.5,25.0,10.0,7.8
Berryton,30.1,18.8,21.1,14.6,15.4
Berthoud,33.1,16.8,23.3,13.1,13.7
Berwick,25.3,19.2,21.5,12.3,21.7
Bessemer,28.4,24.8,17.1,10.9,18.9
Bethlehem,72.6,33.3,51.3,18.4,24.4
Bethune,31.4,18.1,22.7,19.1,8.7
Beulah,70.5,35.5,40.5,29.2,24.4
Biddeford,34.1,19.0,24.4,9.9,12.6
Big Cabin,28.3,17.8,22.1,14.4,17.5
Big Pine Key,32.1,23.9,25.5,10.9,7.6
Big Rock,54.5,35.3,46.7,32.4,31.1
Big Sandy,63.6,40.900000000000006,40.5,23.799999999999997,31.2
Big Spring,44.1,5.0,19.2,27.3,4.4
Big Wells,19.3,23.5,31.9,17.0,8.3
Bighill,36.2,20.4,23.2,7.1,13.1
Biglerville,29.1,17.1,22.6,10.9,20.4
Billings,68.5,36.8,51.7,21.0,22.1
Billingsley,27.2,14.3,23.7,15.3,19.5
Binford,32.5,14.0,27.3,14.0,12.1
Bingen,35.6,16.0,21.1,15.5,11.8
Bird City,35.6,14.3,25.3,15.5,9.3
Birdsnest,30.9,20.5,21.2,15.5,11.9
Birmingham,38.7,17.0,25.2,7.4,11.6
Bisbee,45.0,16.5,20.6,10.9,7.0
Bishop,73.6,47.400000000000006,44.6,18.5,15.8
Bismarck,65.0,35.0,46.9,25.6,27.5
Black River,32.3,21.5,25.1,11.2,9.8
Black River Falls,28.0,18.3,21.5,10.4,21.8
Blacksburg,72.3,35.7,45.2,12.600000000000001,34.1
Blackstone,27.3,27.0,20.9,10.8,14.1
Blackwell,71.19999999999999,38.4,32.7,26.2,31.5
Blanchard,27.4,19.8,24.9,12.5,15.4
Blanchardville,30.5,13.3,22.1,15.6,18.5
Blanchester,63.5,31.299999999999997,53.0,18.7,33.5
Blanco,64.9,40.3,41.900000000000006,29.0,23.9
Bledsoe,24.2,14.2,12.9,33.2,15.5
Bloomery,19.3,19.0,21.3,16.8,23.5
Bloomfield,25.1,14.9,21.5,13.3,25.2
Bloomingdale,29.1,19.7,21.1,12.7,17.5
Bloomington Springs,33.1,20.6,23.0,8.9,14.4
Blountsville,28.5,14.1,23.9,13.5,19.9
Blue Mound,26.7,20.5,23.4,12.5,16.9
Blue Mountain,21.9,12.5,26.2,10.7,28.6
Blue Ridge,31.5,16.6,22.6,12.9,16.4
Blue River,30.0,16.6,22.1,13.0,18.3
Blue Springs,69.2,36.1,46.7,17.200000000000003,30.799999999999997
Bluff City,33.1,15.6,23.5,11.9,15.9
Bluff Dale,34.6,15.0,24.5,14.3,11.5
Bluffton,24.3,16.2,18.4,16.0,25.1
Bogart,31.5,15.7,26.3,10.3,16.2
Bogata,22.5,19.2,19.6,17.9,20.8
Boise,36.8,14.6,25.1,12.0,11.5
Bomont,24.2,23.3,16.5,22.2,13.8
Bond,33.9,19.3,19.3,19.5,8.0
Bonesteel,37.1,18.1,21.4,14.3,9.0
Bonita Springs,29.7,24.8,25.3,12.7,7.5
Bonners Ferry,28.4,18.0,21.2,15.4,17.0
Boone,35.4,25.5,24.6,8.4,6.1
Boones Mill,31.5,13.5,25.1,12.8,17.1
Boonville,26.0,16.5,22.5,12.8,22.1
Boston,104.69999999999999,56.3,68.6,23.400000000000002,47.2
Boswell,30.1,19.4,23.6,9.6,17.2
Boulder,27.6,26.4,24.1,15.8,6.2
Bouton,47.5,11.7,25.8,5.8,9.2
Boutte,30.4,16.9,26.3,13.3,13.0
Bovina,23.9,14.0,18.5,17.1,26.5
Bowie,91.1,51.2,64.3,48.6,44.900000000000006
Bowlegs,27.2,18.6,22.8,13.8,17.6
Bowling Green,67.5,35.6,48.2,15.4,33.2
Bowman,31.8,17.1,19.2,23.1,8.8
Box Elder,33.9,17.3,22.6,12.6,13.7
Boyertown,49.0,13.1,23.6,6.5,7.8
Bozeman,39.6,18.1,22.3,11.7,8.3
Bracey,56.3,44.400000000000006,46.7,24.4,28.2
Brackenridge,43.7,17.0,24.6,6.1,8.5
Brackettville,30.0,36.5,11.6,20.5,1.3
Bradenton Beach,33.2,20.9,26.7,9.7,9.4
Bradford,62.6,37.5,44.599999999999994,20.5,34.9
Bradgate,31.6,13.3,21.4,13.4,20.4
Bradleyville,24.6,28.1,30.2,8.8,8.3
Brady,26.9,22.4,22.2,15.4,13.2
Braidwood,36.4,15.8,25.3,8.6,13.9
Branchville,19.8,20.7,18.0,10.5,30.9
Brandon,37.4,17.7,27.7,8.8,8.4
Brandy Station,35.9,16.4,24.0,12.7,11.0
Brasstown,28.9,28.5,22.6,9.2,10.8
Braxton,41.0,14.0,25.5,10.6,8.8
Brazil,21.4,18.2,23.3,14.4,22.7
Breaux Bridge,24.2,20.1,24.1,15.3,16.3
Breckenridge,58.8,33.599999999999994,44.8,34.2,28.700000000000003
Breda,27.3,18.3,23.8,11.1,19.4
Breeding,30.7,16.6,20.3,11.6,20.7
Bremen,26.9,12.7,21.9,10.3,28.2
Bremo Bluff,43.2,15.1,24.3,11.1,6.3
Bremond,26.2,20.7,22.8,14.7,15.6
Brenham,60.8,33.6,44.4,25.9,35.4
Brewerton,40.8,17.1,25.8,6.8,9.4
Briceville,34.1,17.6,25.5,9.7,13.1
Bridgeport,32.8,18.3,25.0,11.9,12.1
Bridgeton,26.3,23.6,22.2,11.1,16.9
Bridgeville,29.8,30.0,22.1,11.1,7.1
Bridgewater Corners,39.5,17.5,20.6,10.7,11.7
Brierfield,21.5,17.9,17.8,19.0,23.7
Brighton,29.2,16.1,23.9,14.4,16.4
Brightwood,30.7,22.2,20.6,15.1,11.4
Briscoe,28.9,16.6,25.3,19.2,10.1
Bristol,132.0,78.6,97.0,34.900000000000006,57.5
Bristow,57.099999999999994,35.2,40.3,28.9,38.5
Broadus,43.0,14.1,17.1,18.9,6.9
Broadview,54.2,34.900000000000006,40.7,40.2,29.9
Brocket,34.9,17.3,26.3,11.7,9.9
Broken Bow,23.2,19.1,19.7,15.2,22.9
Bronston,29.7,18.9,26.4,9.8,15.1
Bronx,24.3,33.3,24.2,7.1,11.0
Brookesmith,32.3,19.8,22.5,10.0,15.4
Brookings,34.9,17.4,21.5,10.9,15.3
Brooklyn,70.6,44.7,45.900000000000006,16.5,22.3
Brooks,26.2,13.0,28.0,11.3,21.5
Brooksville,29.1,20.0,29.6,10.9,10.3
Brookville,25.1,18.2,20.4,12.9,23.4
Broomfield,44.0,15.2,25.1,8.0,7.7
Browns Valley,42.0,18.4,18.9,11.6,9.1
Brownsville,27.9,25.3,25.0,10.7,11.1
Brownton,30.5,17.3,20.7,10.1,21.4
Brunswick,64.0,38.0,48.099999999999994,20.7,29.1
Brusly,30.3,17.8,24.2,11.9,15.6
Brutus,24.8,22.4,26.5,13.7,12.6
Bryan,40.1,17.2,24.7,9.3,8.7
Buchanan,107.5,57.3,64.0,29.700000000000003,41.6
Buckatunna,21.8,14.4,22.2,18.8,22.8
Buckhannon,31.8,18.4,19.8,14.5,15.5
Buckholts,30.0,16.7,23.0,17.9,12.4
Buena Vista,52.3,46.9,46.7,20.0,34.0
Buffalo,100.4,46.6,57.39999999999999,56.4,39.1
Buford,28.3,15.1,24.3,11.1,21.2
Buhl,27.5,18.9,11.4,28.4,13.9
Bullhead City,25.0,25.2,27.4,10.5,12.0
Bullock,23.0,23.6,23.3,9.8,20.3
Buna,24.2,18.4,24.4,17.3,15.7
Buncombe,31.6,20.5,19.2,13.3,15.4
Burbank,39.6,17.7,24.6,8.9,9.1
Burgaw,29.2,17.7,23.8,16.1,13.2
Burley,21.7,17.0,19.3,20.9,21.0
Burlington,104.4,52.99999999999999,64.30000000000001,38.7,39.6
Burlington Junction,28.3,22.8,20.1,10.3,18.5
Burns,28.3,17.5,24.5,12.6,17.0
Burnsville,22.0,14.4,24.5,10.9,28.1
Burton,23.4,21.4,18.7,19.2,17.3
Burwell,82.1,27.5,36.1,34.1,20.200000000000003
Bushnell,31.7,12.8,23.2,12.3,20.0
Bussey,36.1,16.3,21.5,7.3,18.7
Butte,75.7,36.6,36.5,26.3,24.9
Butternut,27.6,20.6,22.2,14.1,15.5
Byhalia,33.6,14.5,25.9,10.2,15.8
Byrdstown,32.0,21.8,19.9,10.6,15.7
Byron,62.9,37.0,44.5,31.0,24.6
Cabins,20.9,17.1,20.9,15.3,25.8
Cadiz,34.1,12.8,23.8,8.2,21.1
Caguas,36.0,18.6,28.8,7.2,9.4
Cairo,46.4,47.599999999999994,46.4,19.0,40.7
Caldwell,26.4,18.7,21.7,10.9,22.3
Caledonia,35.2,17.9,21.9,11.6,13.3
Calhoun,58.0,36.1,46.5,24.6,34.900000000000006
Calhoun City,23.8,15.2,19.1,13.2,28.6
Caliente,35.9,31.1,15.9,14.6,2.4
Call,21.8,20.8,21.8,17.0,18.7
Calumet,39.1,22.4,20.5,8.5,9.6
Calvin,24.2,18.4,24.5,16.3,16.7
Camarillo,37.2,17.1,24.2,11.3,10.2
Cambria,25.8,17.5,19.3,12.6,24.8
Cambridge,82.19999999999999,56.5,69.3,38.6,53.6
Camden,78.2,53.4,70.9,33.4,64.0
Cameron,30.5,17.2,21.8,10.4,20.2
Camilla,28.4,15.2,23.2,12.3,21.0
Camp Douglas,23.9,21.4,22.0,11.4,21.4
Camp Hill,38.6,15.5,26.5,6.4,13.1
Campbellsburg,25.6,14.3,19.8,12.2,28.1
Campbelltown,29.0,18.4,23.8,10.0,18.7
Campton,72.5,30.8,45.900000000000006,22.9,27.8
Camuy,31.8,16.1,28.5,11.9,11.8
Canandaigua,38.8,17.0,23.7,8.8,11.6
Candor,53.2,36.400000000000006,39.2,26.8,44.4
Cannelburg,24.5,15.6,17.8,17.2,25.0
Cannon Beach,28.8,21.8,25.8,9.9,13.8
Canovanas,26.7,21.7,29.6,10.3,11.7
Canton,89.6,58.6,68.7,30.799999999999997,52.2
Cantwell,30.3,30.4,12.6,15.8,10.9
Cape Coral,30.2,22.6,28.1,11.1,8.1
Carey,31.9,26.2,22.6,13.8,5.5
Carlyle,31.8,18.1,22.6,10.9,16.6
Carmel,40.7,17.1,25.5,10.7,5.9
Carolina,33.6,19.5,31.3,7.3,8.2
Carpenter,59.5,36.4,43.8,30.3,30.2
Carrabelle,28.7,28.1,15.4,17.4,10.3
Carrington,31.6,15.8,21.6,13.5,17.4
Carrollton,36.2,14.5,22.7,13.4,13.2
Carson,69.4,34.7,35.599999999999994,23.2,37.3
Carson City,30.2,22.0,25.5,8.1,14.2
Cartersville,57.7,37.1,44.0,25.2,36.0
Carthage,114.80000000000001,78.4,78.39999999999999,57.300000000000004,71.0
Cartwright,32.5,11.4,21.8,19.7,14.6
Cascade Locks,35.6,16.3,18.2,15.9,14.0
Casco,29.3,13.6,20.9,15.4,20.8
Cassatt,31.0,17.0,22.9,12.7,16.5
Castalia,31.7,16.5,24.7,13.5,13.5
Castell,23.4,22.2,19.4,25.9,9.1
Castleford,28.4,19.3,23.6,13.5,15.3
Cataldo,31.0,18.4,27.2,11.6,11.9
Cataula,36.6,13.3,25.9,10.0,14.2
Catoosa,32.4,14.5,26.5,12.1,14.6
Cave City,28.2,17.0,20.8,14.6,19.4
Cayce,36.6,15.4,26.0,10.6,11.4
Cayey,32.5,19.6,25.4,9.3,13.2
Cayuga,23.1,16.6,23.8,10.3,26.1
Cecil,25.4,18.8,22.3,10.2,23.4
Cedar Bluff,30.8,12.8,24.8,15.8,15.7
Cedar Falls,26.1,14.6,24.3,10.6,24.4
Cedar Valley,40.3,15.6,26.2,7.6,10.3
Ceiba,23.1,24.3,27.9,11.6,13.1
Centenary,28.4,18.6,21.6,10.1,21.4
Center,61.8,33.599999999999994,38.8,36.5,29.4
Center Harbor,37.9,16.1,23.7,11.1,11.2
Centerview,30.0,20.9,22.4,12.5,14.1
Centerville,86.19999999999999,56.300000000000004,64.1,40.7,52.8
Central,33.6,17.8,22.7,9.1,16.8
Central Bridge,33.5,18.1,22.9,12.5,13.1
Central City,40.5,21.9,17.9,11.1,8.6
Centralia,27.1,21.9,19.9,8.6,22.5
Centreville,56.1,14.9,19.2,5.5,4.4
Ceres,26.4,18.3,24.2,14.0,17.1
Ceresco,36.3,15.3,25.1,11.1,12.2
Chadwick,28.5,16.7,18.2,10.8,25.9
Challis,29.8,15.4,23.6,21.9,9.4
Chamberlain,38.9,17.5,23.7,12.4,7.5
Chambers,37.2,16.8,14.2,22.3,9.5
Chapel Hill,55.1,16.2,18.0,5.5,5.2
Chapin,38.7,19.6,26.4,5.5,9.8
Chapmansboro,29.5,16.1,24.6,13.0,16.7
Chapmanville,26.3,19.7,21.1,20.3,12.5
Chappell,29.5,14.5,29.3,8.2,18.5
Charleston,106.4,54.900000000000006,75.5,25.099999999999998,38.0
Charlo,34.1,20.8,20.5,14.3,10.2
Charlottesville,49.5,22.6,18.4,4.4,5.1
Chase,28.0,14.3,26.9,20.1,10.6
Chateaugay,31.8,27.0,20.4,9.6,11.2
Chatfield,32.8,18.3,22.9,7.5,18.6
Cherokee,104.2,74.0,85.1,54.4,82.19999999999999
Cherryvale,32.6,19.2,15.6,12.5,20.1
Chesapeake,39.1,15.3,25.2,9.7,10.7
Chester,96.10000000000001,55.5,64.5,36.1,47.8
Chester Gap,32.7,18.2,22.1,16.2,10.7
Chesterland,40.3,14.1,23.5,10.6,11.4
Cheyenne,37.2,16.0,23.9,11.4,11.6
Cheyenne Wells,38.8,12.2,18.6,18.3,12.0
Chicopee,33.5,21.1,25.1,7.6,12.7
Chicora,27.4,18.3,22.1,13.8,18.5
Chiefland,25.1,22.4,23.2,17.7,11.6
Chili,28.6,15.0,17.1,13.9,25.4
Chillicothe,61.0,39.099999999999994,38.0,27.7,34.1
Chilton,33.8,12.3,25.2,8.7,20.0
Christiana,34.6,15.1,26.7,8.3,15.3
Christmas Valley,29.8,23.5,15.2,21.2,10.3
Church Hill,25.8,17.5,21.9,12.6,22.2
Ciales,29.6,24.3,19.4,11.1,15.7
Cibolo,34.4,16.1,25.0,10.0,14.6
Cidra,31.2,16.1,28.3,10.5,13.9
Cincinnati,40.1,18.3,24.7,5.7,11.2
Cincinnatus,33.3,20.3,23.7,9.0,13.7
Cisco,30.7,20.6,20.9,12.0,15.8
Claremont,62.5,29.1,44.5,26.9,37.0
Clarence,71.7,34.5,41.4,23.9,28.4
Clarendon,32.9,24.9,16.5,14.1,11.6
Clark,38.9,14.7,18.2,16.8,11.4
Clarks Mills,30.4,20.4,23.5,8.4,17.4
Clarksdale,31.9,18.3,24.2,10.8,14.9
Clarkson,28.9,20.3,17.1,13.1,20.4
Clarkston,30.3,20.2,25.7,10.6,13.2
Clay City,25.3,15.8,20.4,11.9,26.5
Clayton,170.9,96.5,115.3,64.39999999999999,53.1
Cle Elum,32.2,22.2,22.0,11.2,12.4
Clearbrook,26.9,19.3,17.1,19.6,17.2
Cleveland,129.3,72.7,98.19999999999999,41.199999999999996,58.49999999999999
Clifford,28.5,20.5,25.3,10.4,15.3
Clifton,62.1,32.900000000000006,49.400000000000006,29.799999999999997,25.9
Clifton Forge,29.0,18.5,17.4,14.2,21.0
Clinton,24.2,21.6,17.8,20.1,16.3
Clio,26.8,16.1,23.1,10.8,23.1
Cloquet,30.9,23.3,20.1,10.2,15.5
Clover,36.2,15.4,26.9,8.0,13.5
Cloverdale,25.5,18.7,20.4,16.0,19.4
Cluster Springs,26.6,20.8,22.6,10.5,19.4
Coahoma,28.4,20.2,21.6,14.3,15.5
Coal City,28.9,17.6,24.0,12.7,16.7
Coalgate,31.5,14.4,22.0,19.5,12.6
Coamo,29.2,20.1,22.7,13.8,14.1
Coats,34.3,17.5,20.4,15.7,12.1
Coatsville,30.5,13.0,23.5,15.4,17.6
Coeburn,27.1,22.1,22.3,17.7,10.8
Coffeeville,25.4,15.6,23.9,8.9,26.3
Colby,33.0,19.3,23.7,13.4,10.5
Cold Brook,32.3,19.7,24.1,10.1,13.7
Coldwater,28.9,18.0,22.7,12.0,18.5
Colebrook,31.1,22.4,21.8,11.5,13.2
Coleman,64.5,35.900000000000006,45.2,23.1,31.200000000000003
Collierville,32.4,14.5,25.0,12.4,15.7
Collins,29.6,20.5,23.4,16.0,10.5
Collinston,24.6,20.5,23.4,13.4,18.0
Collison,25.7,20.3,21.6,9.3,23.1
Colonial Heights,35.6,20.0,25.4,9.2,9.9
Colorado City,30.5,20.3,17.3,19.1,12.9
Colt,23.7,21.4,24.1,10.8,20.0
Columbia,65.2,44.599999999999994,46.7,21.0,22.4
Columbia City,26.2,14.6,21.9,8.7,28.6
Columbia Falls,33.3,18.1,25.8,12.9,10.0
Columbiaville,29.2,17.0,22.8,11.5,19.5
Columbus,135.10000000000002,62.7,89.0,41.7,71.4
Columbus Grove,31.6,15.8,17.6,12.0,22.9
Comanche,28.8,16.6,24.2,14.4,16.0
Comer,31.3,13.4,19.9,14.1,21.4
Comerio,27.3,22.7,26.6,12.2,11.2
Comfort,46.7,15.7,23.2,8.7,5.6
Comfrey,29.6,17.9,20.1,12.3,20.2
Comins,22.3,22.2,24.2,11.2,20.1
Commerce,55.4,38.7,42.2,25.299999999999997,38.5
Commiskey,23.6,16.5,21.8,10.1,27.9
Concord,59.8,31.4,39.5,37.1,32.2
Concrete,31.6,20.0,22.1,12.0,14.2
Conehatta,33.2,16.0,20.8,13.8,16.2
Conley,23.5,21.8,26.5,9.7,18.5
Connellsville,26.5,19.2,23.7,12.0,18.6
Conover,31.2,21.2,25.2,13.9,8.4
Conrad,37.1,19.2,19.5,15.5,8.7
Conroe,38.2,15.8,24.2,10.3,11.5
Converse,29.3,19.6,21.8,7.9,21.4
Conway,55.599999999999994,47.900000000000006,46.099999999999994,21.1,29.1
Conway Springs,30.4,17.9,19.7,11.8,20.3
Cook Station,25.6,19.4,19.5,14.7,20.7
Coon Valley,30.4,17.8,20.6,12.6,18.6
Cooper,33.8,19.0,19.4,11.1,16.6
Coquille,27.0,24.3,22.1,12.0,14.7
Cora,37.9,12.7,12.8,18.4,18.3
Corinth,57.400000000000006,37.7,49.3,20.5,35.2
Cornersville,24.7,16.7,22.6,9.7,26.3
Corning,26.1,21.5,23.4,14.5,14.6
Cornish,35.2,14.1,24.3,9.2,17.3
Corsica,36.3,20.7,13.3,15.7,14.0
Cortez,34.1,20.1,23.7,11.4,10.6
Corunna,55.0,31.4,45.3,20.1,48.2
Corwith,30.9,13.6,19.6,9.3,26.6
Cosby,46.0,48.1,52.0,20.6,33.2
Coshocton,21.8,18.6,18.4,14.9,26.3
Cost,22.5,17.9,23.3,17.5,18.9
Cotopaxi,26.6,32.2,22.8,10.7,7.6
Cotter,29.2,19.7,23.3,8.5,19.3
Cotton Center,24.5,20.5,20.9,16.6,17.4
Cottonwood Falls,32.3,14.7,21.4,16.1,15.5
Cotulla,25.1,13.8,19.0,24.0,18.1
Couch,23.4,20.4,20.5,12.4,23.4
Coulee City,24.9,16.3,21.9,22.2,14.7
Council,27.9,23.5,20.4,17.0,11.2
Coupeville,35.1,19.3,22.5,13.0,10.1
Courtland,29.7,14.2,24.1,7.9,24.1
Cove City,32.6,21.0,22.2,12.6,11.7
Covington,169.89999999999998,101.39999999999999,150.6,73.8,104.4
Coxsackie,34.0,19.0,22.4,10.7,13.9
Coy,28.4,17.8,19.2,8.5,26.1
Crab Orchard,59.099999999999994,41.3,43.099999999999994,24.1,32.4
Craigsville,23.1,19.4,21.7,9.4,26.4
Craigville,26.5,15.1,19.5,13.1,25.7
Crane,49.4,34.3,37.5,35.7,43.0
Crawford,28.9,12.6,27.4,17.7,13.4
Crawfordsville,25.5,15.0,18.7,11.1,29.7
Crawfordville,42.5,47.8,33.5,34.3,42.0
Crayne,26.7,16.4,19.1,15.0,22.8
Crenshaw,30.1,27.0,17.0,11.9,14.1
Creole,26.4,13.5,23.8,19.8,16.7
Cresco,32.2,21.5,23.9,8.5,13.9
Crestline,26.3,18.6,20.0,10.2,24.9
Creston,53.3,35.8,38.900000000000006,26.1,45.900000000000006
Creswell,13.5,23.7,22.3,23.4,17.1
Cromwell,26.4,15.8,19.4,14.6,23.8
Crook,25.4,24.3,23.5,12.2,14.5
Cropwell,28.8,14.9,27.6,12.4,16.3
Crossville,24.2,15.7,21.3,12.4,26.4
Crowell,58.3,30.4,54.8,40.3,16.2
Crowley,31.0,14.5,24.1,13.0,17.5
Crown Point,29.9,19.1,24.0,9.7,17.3
Crystal Spring,23.9,16.7,21.9,14.4,23.1
Crystal Springs,27.2,18.9,22.9,11.3,19.7
Cub Run,21.2,17.8,18.9,14.9,27.1
Cuba,28.7,20.3,20.3,10.4,20.2
Culbertson,61.9,41.6,38.9,28.0,29.5
Culebra,20.3,32.7,15.9,16.5,14.7
Cullman,28.5,15.6,23.9,13.9,18.1
Cumberland,28.2,20.0,22.8,15.0,14.0
Cumberland Center,43.3,16.6,24.4,7.7,8.0
Cumberland Gap,27.5,16.7,20.4,13.5,21.9
Currie,36.9,15.1,18.5,13.3,16.2
Cushing,90.5,50.2,61.0,40.2,58.099999999999994
Cusseta,51.900000000000006,33.3,47.8,23.3,43.8
Cut Bank,37.3,22.7,17.5,15.0,7.6
Cutler,24.7,21.0,18.9,15.1,20.4
Cuyahoga Falls,37.5,16.9,25.8,6.7,13.2
Cynthiana,31.0,15.9,19.9,12.1,21.2
Cypress,58.900000000000006,50.1,46.4,21.700000000000003,22.8
Daggett,25.4,18.5,21.1,11.7,23.2
Dahlonega,32.2,13.7,26.2,13.5,14.3
Dailey,29.1,23.7,23.8,11.5,11.8
Daisy,31.5,11.6,18.4,18.8,19.7
Dakota City,29.2,17.0,20.4,14.3,19.1
Daleville,90.80000000000001,53.099999999999994,75.5,37.5,43.2
Dalhart,58.900000000000006,38.6,37.5,39.3,25.7
Dalton,37.3,21.8,23.3,9.2,8.4
Damon,41.0,14.3,20.9,11.0,12.8
Dana,26.4,20.2,23.5,10.2,19.7
Danville,92.4,61.2,68.9,26.700000000000003,50.8
Darlington,24.0,16.9,22.0,10.9,26.2
Datto,22.6,17.7,21.9,13.3,24.5
Davidson,33.6,15.9,23.3,9.9,17.3
Davis,29.6,24.2,16.1,16.0,14.3
Dawson Springs,64.6,32.7,40.7,23.5,38.5
Dawsonville,75.4,30.5,52.8,20.0,21.3
Dayton,105.9,51.7,68.0,23.4,51.1
De Borgia,28.0,22.3,24.6,10.0,15.1
De Mossville,24.2,13.2,20.6,16.8,25.1
De Queen,20.4,13.5,18.8,17.9,29.4
De Smet,35.1,13.9,18.3,12.6,20.1
De Soto,24.6,19.2,19.9,11.4,24.9
Dearborn,26.7,20.9,24.3,8.2,19.9
Deary,41.7,18.2,22.1,8.3,9.7
Decatur,49.0,31.200000000000003,42.900000000000006,26.799999999999997,49.900000000000006
Decorah,66.2,32.599999999999994,40.900000000000006,25.2,35.3
Dedham,51.6,13.8,22.6,5.9,6.1
Deer Island,28.1,17.9,23.0,13.0,17.9
Deer Lodge,23.3,22.2,22.7,13.7,18.1
Deer Park,20.3,15.2,19.6,16.8,28.2
Deer Trail,38.9,15.6,23.5,13.8,8.2
Deerfield,48.8,15.5,21.7,5.5,8.5
Defuniak Springs,32.0,23.0,25.5,11.3,8.2
Delcambre,25.4,16.3,26.0,16.9,15.4
Delta,58.8,34.9,43.5,28.8,34.1
Deltona,31.0,21.1,27.6,10.2,10.0
Deming,23.8,24.9,22.2,17.7,11.5
Denhoff,39.4,15.4,14.5,18.4,12.2
Denmark,29.1,23.3,16.6,9.5,21.5
Dennis,37.0,20.4,24.4,11.2,7.0
Denver,82.4,33.7,38.1,19.2,26.6
Denver City,50.1,25.3,34.4,58.0,32.1
Depew,28.1,16.7,23.2,12.1,20.0
Derry,42.4,13.5,25.1,9.1,9.9
Detroit,31.3,20.5,24.4,6.9,16.8
Devol,31.8,17.7,22.6,11.9,16.0
Dewy Rose,50.1,30.0,44.7,23.5,51.8
Dexter,91.4,49.2,73.2,37.1,49.099999999999994
Diaz,22.0,17.3,21.0,13.6,26.1
Dickinson,48.8,31.1,48.7,29.1,42.4
Dilley,18.5,27.3,20.2,18.7,15.3
Dillon,32.0,23.3,23.1,14.5,7.1
Dingmans Ferry,31.9,20.2,24.7,13.1,10.1
Dinwiddie,27.2,20.3,21.5,13.7,17.3
Disputanta,26.1,20.6,25.3,14.0,14.0
Divide,38.6,21.5,21.3,11.3,7.3
Dixfield,27.1,19.2,21.9,15.2,16.6
Dixon Springs,23.1,17.3,28.4,8.7,22.4
Dodge,58.5,32.0,48.099999999999994,25.8,35.7
Dodson,67.9,35.900000000000006,35.900000000000006,36.2,24.1
Dolliver,27.8,16.3,20.7,12.3,22.9
Donaldsonville,36.3,14.9,24.7,11.9,12.1
Donnelly,31.8,27.2,17.2,13.8,10.0
Doon,36.9,15.1,20.8,12.7,14.5
Dorado,63.400000000000006,38.1,64.5,16.700000000000003,17.2
Doswell,43.1,14.1,25.8,9.6,7.4
Dothan,64.6,35.6,44.6,21.200000000000003,34.1
Douglas,31.6,16.1,21.4,8.5,22.5
Douglass,33.7,17.3,22.6,11.3,15.1
Douglasville,33.3,14.5,27.7,9.4,15.1
Dove Creek,30.5,25.5,21.0,12.9,10.2
Dover,64.0,32.8,46.099999999999994,30.799999999999997,26.299999999999997
Dow City,25.7,16.5,18.3,14.1,25.4
Downsville,25.8,14.8,23.4,20.0,15.9
Doyle,23.2,19.5,21.6,12.6,23.1
Doylesburg,30.7,17.2,23.0,10.5,18.6
Drakes Branch,27.0,20.1,22.5,12.6,17.8
Drewsey,36.1,16.8,21.5,17.9,7.7
Driscoll,41.3,11.4,21.5,16.6,9.2
Drummond,34.6,19.2,19.6,13.6,13.0
Dry Branch,24.0,15.6,21.5,17.9,20.9
Dryden,20.0,30.6,23.9,14.9,10.6
Du Bois,31.6,20.8,17.6,12.8,17.3
Duck Hill,29.4,14.6,23.4,12.2,20.4
Dudley,30.7,19.3,24.6,10.2,15.3
Duke Center,30.7,19.5,18.8,10.6,20.5
Dulce,35.2,27.1,19.9,10.8,7.0
Duluth,33.6,21.2,23.7,10.2,11.3
Dumont,34.3,17.0,20.3,15.4,12.9
Dundee,30.2,26.3,20.0,8.8,14.6
Dunellen,44.2,14.0,24.3,6.2,11.2
Dunn Center,31.3,18.5,16.0,18.0,16.1
Dunning,40.1,13.9,8.0,27.2,10.8
Dupree,48.7,12.9,17.5,15.8,5.1
Durand,31.8,15.1,21.1,13.8,18.2
Durango,28.8,18.1,27.9,18.7,6.5
Durant,23.2,20.4,18.1,11.9,26.3
Durham,49.5,17.2,18.5,7.2,7.7
Dustin,28.1,20.4,18.6,19.5,13.4
Dutch John,21.6,23.4,21.6,19.4,14.0
Eagle,42.4,16.8,25.4,7.2,8.2
Eagle Pass,22.0,26.6,22.5,13.0,15.9
Eagle River,30.9,18.9,24.9,10.3,15.0
Earle,53.8,36.9,50.2,26.3,33.0
Earling,32.1,13.2,26.0,11.9,16.8
East Concord,38.1,18.6,25.7,6.3,11.3
East Jordan,29.5,20.2,24.4,9.7,16.1
East Nassau,38.9,16.7,25.4,8.6,10.3
East Peoria,35.5,16.7,24.2,8.0,15.6
East Prairie,23.6,23.1,24.5,12.2,16.6
East Stone Gap,33.5,13.6,23.7,16.1,13.1
Eastsound,37.7,22.0,19.1,13.7,7.5
Eastview,33.8,16.6,25.2,8.3,16.2
Eaton,21.0,15.8,20.8,7.9,34.5
Eatonton,29.3,22.0,24.6,10.0,14.1
Eau Claire,29.5,16.7,21.8,10.6,21.4
Ebro,28.8,21.9,24.5,13.6,11.2
Echola,35.1,18.2,21.7,9.1,15.9
Eckert,32.2,19.6,19.9,19.4,8.9
Edelstein,38.1,18.5,24.7,7.1,11.6
Edgartown,44.2,17.5,17.3,16.8,4.3
Edgemont,73.2,38.400000000000006,40.599999999999994,26.1,21.6
Edgerton,31.5,17.6,23.2,12.4,15.4
Edgewood,34.6,21.6,22.3,11.4,10.1
Edinburg,30.1,16.0,22.5,18.1,13.3
Edison,28.0,14.8,21.7,13.3,22.2
Edon,24.1,13.4,21.2,9.6,31.6
Edson,32.0,18.9,22.9,13.5,12.7
Egegik,34.1,20.7,13.4,16.3,15.5
Ekalaka,52.0,10.6,9.6,19.8,8.1
El Cerrito,42.9,17.5,23.6,8.2,7.7
El Paso,53.6,51.599999999999994,42.3,27.4,25.1
El Reno,36.0,15.1,26.7,10.4,11.8
Eldorado,65.7,30.5,40.8,35.6,27.4
Eldridge,35.8,17.4,23.9,8.0,15.0
Electra,33.7,13.9,21.8,15.7,14.9
Electric City,27.6,15.9,16.2,25.3,15.1
Elfrida,33.7,24.9,23.4,10.3,7.6
Elgin,58.400000000000006,40.2,48.599999999999994,20.9,31.700000000000003
Elizabeth,27.5,25.9,17.1,18.3,11.2
Elizabeth City,69.6,35.3,47.8,24.9,22.299999999999997
Elk City,27.8,17.5,21.2,9.8,23.7
Elk Horn,55.8,35.4,49.5,24.700000000000003,34.6
Elk Park,26.5,24.2,24.0,13.5,11.9
Elkhart,24.2,15.2,21.8,7.6,31.2
Elkton,28.1,20.4,23.4,11.2,16.9
Ellabell,34.7,18.7,23.0,11.1,12.4
Ellaville,28.4,14.3,23.4,13.8,20.1
Ellenboro,59.3,39.2,39.0,25.9,36.5
Ellendale,30.5,21.0,23.5,11.7,13.3
Ellinger,22.7,17.2,25.9,17.1,17.1
Elliott,28.4,18.1,22.4,11.8,19.2
Elliottville,30.4,24.6,22.4,8.4,14.2
Ellsinore,31.0,22.5,18.4,10.1,18.0
Ellsworth,63.4,35.900000000000006,41.3,27.3,32.1
Ellwood City,29.9,19.3,23.7,10.1,17.1
Elm City,29.9,18.3,23.0,11.2,17.6
Elm Creek,23.1,14.8,17.9,14.3,29.9
Elmendorf,34.6,19.6,26.4,9.6,9.8
Elmira,34.4,20.4,23.1,8.2,13.9
Elmo,26.4,19.8,16.7,21.6,15.5
Eltopia,23.8,18.0,18.2,22.0,18.0
Ely,35.1,23.8,13.0,19.5,8.6
Emmetsburg,32.1,17.4,21.1,11.0,18.4
Emory,28.6,15.9,22.9,14.6,18.0
Empire,61.9,35.3,45.6,32.3,24.9
Emporia,30.5,19.3,21.9,13.7,14.6
Encampment,28.6,19.5,16.4,16.5,19.0
Enders,39.2,10.1,23.8,17.5,9.5
Endicott,23.9,12.3,16.3,31.1,16.4
Energy,26.9,15.7,20.7,15.6,21.2
Enfield,51.2,39.6,43.8,24.7,40.7
Engadine,24.2,28.0,23.7,12.4,11.7
Englewood,93.9,29.5,43.099999999999994,19.299999999999997,14.2
Englishtown,43.8,15.6,25.5,7.7,7.4
Enigma,26.0,20.4,22.5,16.3,14.8
Ennice,29.8,19.5,20.9,14.1,15.7
Enochs,23.2,22.4,20.6,20.7,13.2
Enola,34.5,16.9,25.7,11.8,11.0
Enterprise,92.8,49.6,66.0,57.7,33.900000000000006
Epping,29.9,13.4,20.0,20.5,16.3
Epps,25.0,31.0,20.0,11.6,12.4
Epworth,25.4,17.0,27.3,14.4,15.7
Equality,29.5,18.9,19.2,16.1,16.3
Erbacon,43.6,47.5,40.7,35.4,32.8
Erick,24.3,17.3,25.2,17.7,15.5
Ericson,30.4,15.3,24.0,16.0,14.2
Erie,30.4,17.4,21.6,11.0,19.5
Erlanger,35.8,15.5,26.6,7.5,14.6
Escalante,27.7,21.8,28.7,10.2,11.5
Esom Hill,23.6,16.7,23.0,12.9,23.8
Essex,43.3,16.2,24.8,7.2,8.4
Essig,31.3,17.1,21.9,11.5,18.2
Ethan,37.8,15.5,17.7,15.6,13.3
Ettrick,30.3,14.3,18.3,11.7,25.4
Eudora,55.9,38.0,45.3,24.0,36.900000000000006
Eufaula,28.6,18.5,21.8,13.5,17.7
Eupora,35.8,13.4,19.3,12.0,19.5
Eutaw,20.1,22.3,26.0,9.5,22.1
Evans,32.0,16.5,25.0,13.4,13.2
Evansville,65.3,34.9,45.5,20.3,33.9
Evant,30.4,24.1,25.1,11.1,9.3
Everson,34.0,20.2,23.9,10.3,11.6
Everton,33.3,15.3,21.7,13.0,16.6
Ewing,31.5,19.8,23.4,11.4,13.9
Fairbanks,36.6,17.0,23.4,12.9,10.1
Fairbury,26.4,18.1,22.7,12.5,20.4
Fairfax,51.8,16.4,22.4,6.1,3.3
Fairfield,98.1,45.400000000000006,61.2,47.3,48.0
Fairmont,59.6,36.4,46.5,28.0,29.5
Fairplay,34.4,18.4,22.3,14.7,10.2
Fairview,29.4,12.6,23.6,17.5,16.9
Faith,40.2,15.3,16.2,17.6,10.7
Falfurrias,19.6,32.4,25.3,11.1,11.5
Fall Branch,38.5,18.2,25.0,7.8,10.6
Fallon,29.7,20.9,20.5,14.7,14.2
Falls Church,74.0,9.9,12.1,2.4,1.5
Falmouth,23.8,16.0,22.3,15.4,22.4
Fannin,29.5,16.7,20.8,13.8,19.2
Fanwood,36.0,17.5,24.6,7.6,14.4
Farber,27.3,21.0,20.5,10.3,20.9
Faribault,35.9,17.9,20.9,9.9,15.4
Farina,24.5,21.9,21.7,12.7,19.2
Farmersville,32.4,20.3,24.0,9.4,13.8
Farmington,27.1,20.0,25.6,15.6,11.7
Farmland,27.1,17.3,19.3,11.9,24.5
Farnsworth,21.3,18.9,21.3,21.6,16.9
Federalsburg,57.4,43.0,44.2,26.5,28.9
Felt,32.3,23.5,17.1,20.1,7.0
Ferdinand,28.1,14.1,22.1,11.8,23.8
Fernandina Beach,31.3,19.4,23.3,12.5,13.5
Fernley,24.6,19.2,25.6,15.0,15.7
Fernwood,25.3,20.1,16.7,16.1,21.9
Ferriday,24.7,19.6,25.8,17.0,12.8
Fertile,34.8,16.7,22.6,11.4,14.4
Festus,20.6,16.5,21.7,18.6,22.5
Fieldton,29.5,15.4,19.4,19.7,16.0
Firebaugh,28.6,19.2,23.2,15.3,13.7
Fischer,37.8,16.6,25.6,11.0,8.9
Fish Camp,31.2,30.5,21.0,9.3,8.1
Flandreau,41.3,13.7,17.2,10.7,17.0
Flemington,31.2,21.8,21.1,13.2,12.7
Fletcher,20.0,23.8,17.7,18.1,20.4
Flintville,26.4,14.0,22.7,10.4,26.5
Florence,61.3,39.9,44.5,22.200000000000003,32.2
Florida,27.0,18.0,30.7,9.1,15.2
Fluker,28.9,18.5,26.0,12.9,13.9
Flushing,30.5,19.9,24.8,8.1,16.8
Folkston,28.1,22.4,13.6,16.2,19.7
Fond Du Lac,29.3,16.8,21.1,10.4,22.5
Fontana Dam,24.7,22.6,21.2,15.5,16.1
Ford,29.0,17.9,23.9,15.5,13.7
Forest,25.1,14.7,23.0,16.7,20.5
Forest City,83.0,53.0,62.0,34.2,67.6
Forest Hill,29.4,19.3,20.3,14.9,16.2
Foristell,25.9,15.7,24.3,15.7,18.4
Forrest City,20.9,24.9,21.2,17.3,15.6
Fort Bragg,30.3,21.8,24.9,14.0,9.0
Fort Buchanan,46.4,14.9,26.8,6.0,5.9
Fort Collins,42.6,17.3,23.4,8.2,8.4
Fort Davis,33.1,21.2,17.1,22.3,6.2
Fort Johnson,27.6,20.6,25.0,9.3,17.5
Fort Lauderdale,35.4,19.9,28.4,8.1,8.1
Fort Morgan,24.0,19.7,19.9,15.6,20.8
Fort Pierce,28.3,23.1,28.6,11.1,9.0
Fort Plain,29.7,19.2,23.4,10.6,17.1
Fort Scott,31.6,21.3,19.0,10.1,18.0
Fort Stewart,28.6,21.5,25.3,10.1,14.4
Fort Valley,57.8,34.3,42.7,27.1,38.2
Fort Wayne,34.4,16.7,23.9,7.4,17.7
Fortine,30.0,23.8,21.7,13.5,11.0
Fortuna,34.0,22.5,23.3,11.0,9.1
Fouke,26.8,17.0,25.8,9.8,20.7
Fountain,101.0,62.5,68.2,27.099999999999998,41.1
Fountaintown,25.2,17.5,20.3,10.9,26.1
Fowler,67.2,34.7,40.7,29.700000000000003,27.7
Francis,32.6,18.1,25.7,11.9,11.8
Frankfort,22.8,12.5,19.8,10.0,34.9
Franklin,273.4,154.29999999999998,199.00000000000003,127.50000000000001,145.70000000000002
Frankston,26.8,19.4,24.3,14.8,14.7
Frazer,39.5,18.4,18.2,13.0,11.0
Frederick,46.1,15.3,22.9,8.9,6.8
Fredericksburg,72.5,41.5,46.900000000000006,17.7,21.4
Fredonia,67.30000000000001,40.2,40.3,28.7,23.6
Fremont,46.6,16.2,21.5,6.5,9.3
French Village,26.9,23.0,23.0,10.5,16.6
Friendly,25.2,22.5,21.2,11.5,19.5
Frisco,43.9,14.6,26.6,6.4,8.5
Fritch,20.3,16.6,17.1,18.8,27.3
Frost,32.1,17.6,19.5,14.1,16.7
Fulda,24.6,15.3,19.3,13.1,27.7
Funk,29.9,16.7,20.7,18.6,14.1
Gackle,37.0,14.0,19.7,15.3,14.0
Gadsden,28.7,18.5,21.3,9.8,21.7
Gainesville,46.4,19.1,23.7,5.0,5.8
Galax,21.6,19.9,24.5,5.1,28.8
Galena,62.8,42.8,47.7,25.9,20.8
Galloway,31.7,16.1,23.1,10.8,18.3
Gallup,28.4,26.2,21.5,9.8,14.2
Galt,28.7,15.8,20.4,12.5,22.6
Galva,27.8,15.0,23.9,14.0,19.3
Garden,26.9,19.1,22.8,11.5,19.8
Garden City,20.1,10.3,22.5,21.5,25.6
Gardiner,37.2,16.2,23.0,15.2,8.3
Garfield,27.1,19.9,14.6,13.2,25.3
Garland,63.699999999999996,31.9,46.3,22.1,36.1
Garyville,29.3,20.3,21.5,12.5,16.4
Gasquet,33.9,31.5,18.8,8.9,6.8
Gastonia,28.9,18.0,24.6,9.6,18.9
Gates,23.3,20.4,20.6,10.7,25.0
Gatzke,33.3,14.0,20.7,13.6,18.4
Gaylesville,29.3,16.0,19.5,13.7,21.5
Genesee,59.3,33.4,44.8,24.2,38.3
Geneseo,36.0,18.9,18.5,14.4,12.2
Genoa,35.5,15.8,19.9,14.6,14.2
Genoa City,30.2,18.7,23.3,10.4,17.4
Georgetown,31.6,21.7,24.1,8.8,13.7
Georgiana,22.9,20.5,21.0,13.4,22.3
Gepp,26.6,20.3,20.5,15.1,17.5
Gettysburg,40.9,8.2,19.4,23.1,8.4
Gibbon,30.7,15.1,18.0,14.5,21.8
Gilbertown,24.9,15.4,19.6,18.3,21.8
Gillette,25.0,14.4,21.7,24.0,14.9
Gillsville,24.5,15.5,22.4,14.5,23.0
Gilman,59.2,37.400000000000006,37.900000000000006,27.0,38.5
Gilman City,29.7,19.6,22.7,12.9,15.2
Girard,27.0,18.4,23.0,11.2,20.4
Girvin,18.9,18.5,25.4,20.3,16.9
Gladeville,35.3,15.1,29.8,8.9,10.9
Glen Allan,33.1,18.2,25.3,7.6,15.9
Glencoe,37.3,18.9,23.5,9.8,10.4
Glennallen,35.4,18.9,19.0,20.5,6.2
Glenrock,26.6,19.0,19.4,21.6,13.4
Glenwood,53.5,39.0,35.5,40.900000000000006,31.1
Gloster,25.3,28.3,15.0,14.8,16.6
Glyndon,34.4,19.3,23.9,9.6,12.9
Goessel,31.7,17.2,21.3,12.3,17.5
Goetzville,30.7,26.5,23.2,7.7,11.9
Gold Creek,35.5,22.4,17.7,13.9,10.4
Golden City,28.9,12.5,26.6,10.6,21.4
Golden Valley,28.5,16.1,20.5,19.9,15.0
Goldfield,25.9,22.4,7.1,30.9,13.7
Goldsboro,29.7,17.9,21.4,13.3,17.7
Good Hope,34.1,21.9,24.2,6.6,13.3
Goodhue,34.5,17.0,20.3,10.7,17.5
Goodlettsville,31.3,16.7,21.1,12.9,18.0
Goodview,34.6,14.9,24.5,11.0,14.9
Goose Creek,32.9,16.6,24.3,12.0,14.3
Gordo,19.7,17.2,22.3,13.3,27.4
Gordon,20.0,16.6,27.8,15.9,19.6
Gordonsville,33.2,18.5,20.8,15.3,12.3
Goshen,68.4,36.2,48.3,18.4,28.7
Gosport,24.6,16.6,19.9,15.2,23.7
Gouldbusk,26.2,20.8,24.1,17.6,11.3
Gouldsboro,65.3,38.2,47.0,23.3,26.1
Gouverneur,33.2,22.7,22.6,10.6,10.8
Gove,37.5,15.5,19.8,13.8,13.4
Grace,32.8,15.8,18.5,17.9,15.0
Graham,56.2,35.0,43.5,24.0,41.3
Granby,29.1,17.1,25.4,10.2,18.1
Grand Forks,35.2,19.4,24.9,11.0,9.5
Grand Isle,30.3,18.1,24.2,12.7,14.7
Grand Ledge,65.6,34.400000000000006,46.400000000000006,21.3,32.3
Grand Marais,33.9,28.2,18.8,12.4,6.7
Grand Rapids,64.2,33.099999999999994,41.599999999999994,17.1,44.1
Grand Valley,30.1,15.8,22.1,11.0,21.0
Granite Falls,29.8,20.9,18.2,12.8,18.3
Grant,36.6,19.8,25.9,8.3,9.3
Grants,28.4,27.8,21.8,12.9,9.1
Grantsville,33.3,15.3,24.9,11.1,15.4
Granville Summit,28.3,16.1,21.0,12.4,22.2
Grapeview,27.6,22.0,23.6,14.7,12.0
Grasston,52.4,43.1,41.900000000000006,28.4,34.2
Gravois Mills,51.8,41.4,54.7,23.9,28.1
Graysville,32.3,14.7,27.5,10.4,15.2
Greeley,30.9,15.3,23.2,19.4,11.3
Greeleyville,50.099999999999994,38.9,48.8,20.1,42.0
Green Castle,32.4,14.8,17.5,17.9,17.4
Green City,25.8,14.3,17.9,14.6,27.3
Green River,25.4,15.2,20.6,23.1,15.7
Green Springs,25.4,17.1,19.5,9.2,28.8
Greenbush,22.8,22.5,22.5,13.0,19.1
Greene,36.9,18.1,26.4,7.8,10.8
Greenfield,95.6,59.0,61.599999999999994,29.400000000000002,54.3
Greenleaf,25.7,19.5,24.4,14.3,16.0
Greenmountain,58.2,40.4,39.5,28.700000000000003,33.3
Greensboro,35.2,18.6,21.0,13.0,12.2
Greensburg,27.6,15.1,24.1,9.7,23.4
Greenville,139.3,81.0,108.30000000000001,59.9,111.6
Greenwich,26.7,19.7,24.2,7.1,22.4
Greenwood,119.6,75.39999999999999,89.2,36.4,79.39999999999999
Grey Eagle,28.4,16.0,18.3,12.8,24.4
Griffithsville,23.9,21.5,24.6,15.5,14.5
Grifton,26.6,21.7,20.2,12.1,19.4
Grimes,24.7,17.0,18.0,26.4,13.8
Grinnell,39.1,8.4,20.5,14.5,17.5
Groom,74.1,22.299999999999997,44.3,38.599999999999994,20.8
Grosse Tete,24.1,21.5,25.6,13.2,15.6
Groveport,32.8,16.6,23.2,9.8,17.5
Grover Hill,24.8,15.8,19.7,8.3,31.4
Groves,28.0,19.4,24.2,12.8,15.6
Gruver,28.9,13.6,18.0,20.7,18.8
Guanica,55.1,48.1,45.3,28.299999999999997,23.2
Guayama,29.2,22.5,24.7,12.0,11.7
Guilford,29.4,20.3,17.2,12.9,20.2
Gunnison,64.1,35.3,37.4,42.4,20.8
Guntown,26.8,12.2,19.3,13.2,28.5
Gurabo,28.0,21.6,29.3,10.2,10.9
Gurley,35.7,16.9,26.1,9.4,11.9
Guttenberg,33.7,17.6,25.0,7.9,15.7
Hadley,45.7,17.8,21.7,7.1,7.6
Hagarville,25.5,15.3,19.6,11.4,28.2
Hagerstown,61.8,38.7,46.9,18.9,33.7
Hague,29.4,20.0,26.0,14.5,10.1
Haiku,29.0,27.9,23.2,10.7,9.2
Haines,34.0,20.6,20.6,10.6,14.1
Haleyville,26.2,18.1,23.0,10.5,22.2
Hamer,81.3,48.1,67.80000000000001,48.5,54.3
Hamill,42.2,20.1,18.6,9.1,10.0
Hamilton,103.80000000000001,72.0,95.10000000000001,58.4,70.8
Hamilton City,21.9,21.1,18.7,24.7,13.6
Hamlin,37.5,15.7,27.8,8.8,10.1
Hampshire,26.5,13.8,26.9,13.2,19.5
Hampstead,43.0,16.0,22.8,10.4,7.8
Hampton,65.6,33.5,51.1,22.9,27.0
Hanalei,29.3,29.0,22.8,11.3,7.6
Hanover,171.60000000000002,64.1,87.19999999999999,30.800000000000004,46.400000000000006
Hanston,44.0,13.6,16.2,14.5,11.6
Hardeeville,19.7,23.8,25.4,20.1,11.1
Hardesty,24.5,14.6,19.0,15.1,26.8
Hardin,59.5,45.4,39.4,30.299999999999997,25.299999999999997
Harlem,25.7,19.6,20.5,15.2,19.0
Harold,29.4,18.7,25.8,15.5,10.6
Harpers Ferry,39.9,18.2,22.8,10.5,8.6
Harrell,22.0,15.6,17.9,18.5,25.9
Harrellsville,28.5,22.6,22.7,7.0,19.3
Harrietta,26.5,17.5,21.6,9.1,25.3
Harrington,35.3,17.7,20.1,16.7,10.1
Harrisburg,119.3,45.099999999999994,69.8,32.1,33.5
Harrison,19.4,25.8,20.1,11.7,23.0
Harrisonburg,66.5,40.5,45.5,19.9,27.700000000000003
Harrisonville,35.2,14.8,24.8,12.7,12.6
Harrodsburg,29.1,15.4,22.2,12.7,20.6
Harrold,72.8,36.7,46.3,23.9,20.2
Hart,30.1,19.0,22.3,9.5,19.1
Hartford,23.9,17.8,22.5,19.9,16.0
Hartland,97.9,50.00000000000001,71.0,33.0,48.00000000000001
Harvey,57.8,31.799999999999997,38.5,29.5,42.400000000000006
Hastings,61.3,35.4,52.8,20.8,29.6
Hatillo,36.8,18.3,23.1,10.9,10.9
Hattiesburg,70.9,31.8,53.2,20.3,24.0
Haughton,36.3,18.2,22.4,13.0,10.1
Haviland,41.4,16.7,16.7,17.0,8.1
Hawkins,24.0,14.3,23.2,13.1,25.4
Hawkinsville,32.6,22.8,17.1,13.0,14.4
Hawley,27.9,18.0,24.6,14.8,14.7
Hawthorne,23.3,21.7,25.5,14.9,14.5
Hay Springs,37.2,23.3,20.3,11.7,7.6
Hayes,38.4,14.9,17.8,18.8,10.1
Hayes Center,43.5,9.1,13.7,25.0,8.7
Haymarket,43.2,17.8,22.8,9.1,7.2
Hazelton,39.2,16.2,20.3,17.4,6.9
Hazen,27.8,20.8,18.1,13.6,19.7
Head Waters,28.7,12.5,28.7,26.0,4.0
Healy,34.9,17.5,21.9,18.8,6.9
Heath,35.0,16.1,25.7,9.0,14.2
Hebbronville,24.7,19.7,15.3,19.2,21.1
Hebron,38.8,13.4,27.1,6.8,13.8
Heflin,27.6,12.9,20.3,13.1,26.1
Helena,34.4,12.7,23.1,11.0,18.7
Hemingford,82.8,27.1,36.5,26.0,27.5
Hemphill,23.7,21.7,20.1,19.3,15.2
Henderson,28.7,17.6,24.3,9.4,20.1
Hendersonville,32.9,16.8,24.0,12.0,14.4
Henley,39.7,15.8,25.7,7.7,11.1
Hennepin,28.2,24.0,22.9,11.3,13.6
Henry,25.4,17.6,25.9,11.4,19.7
Hensley,29.1,16.3,21.1,12.7,20.9
Heppner,27.1,15.8,16.9,21.5,18.5
Hereford,23.7,15.0,21.0,21.4,18.8
Hernando,28.8,24.1,25.1,10.6,11.5
Heron Lake,34.7,16.4,18.2,11.0,19.7
Herron,29.6,19.2,26.2,10.9,14.1
Herscher,30.1,18.3,23.4,10.4,17.8
Hershey,27.1,18.9,22.5,13.8,17.7
Hesperia,25.5,17.9,18.4,15.0,23.2
Hesston,36.3,15.8,18.2,9.6,20.1
Hestand,29.9,13.4,18.8,13.2,24.8
Hickman,53.900000000000006,37.8,40.7,18.9,48.8
Hickory,31.4,15.8,23.1,7.0,22.8
Hicksville,26.4,15.6,24.1,9.8,24.1
Hico,29.9,19.4,21.7,13.0,16.0
Hidalgo,29.2,14.1,25.0,13.0,18.7
Higgins,32.1,8.9,16.5,20.5,22.0
High Bridge,50.8,13.4,23.2,6.6,5.9
High Point,28.1,16.8,23.3,10.5,21.2
High Springs,27.6,20.1,23.0,14.4,14.8
Hilham,24.3,15.8,19.1,18.3,22.6
Hill,39.9,16.5,24.0,9.1,10.5
Hilliard,41.6,17.0,25.3,5.2,10.8
Hillsboro,33.3,15.6,21.4,15.1,14.6
Hillsdale,37.4,20.0,21.5,11.0,10.1
Hilo,31.1,23.9,25.3,12.0,7.7
Himrod,31.3,20.5,21.8,12.7,13.7
Hines,31.4,22.9,24.4,9.5,11.7
Hinsdale,64.4,36.8,48.400000000000006,21.1,29.299999999999997
Hitchins,25.4,17.1,23.5,15.6,18.3
Hiwassee,29.7,15.9,23.3,8.5,22.6
Hixson,37.3,17.2,25.3,7.0,13.1
Hobbs,24.2,14.7,22.2,20.8,18.0
Hobson,46.8,14.2,13.1,19.2,6.7
Hoffman,34.7,15.1,22.7,14.4,13.1
Hokah,33.9,16.8,20.3,13.9,15.0
Holbrook,28.3,15.8,18.2,20.2,17.5
Holcomb,50.2,40.3,41.8,25.8,41.900000000000006
Holden,47.900000000000006,45.0,37.2,37.6,32.4
Holdingford,29.5,16.5,21.5,13.1,19.4
Holland,61.7,33.8,48.5,18.200000000000003,37.8
Holly,30.1,24.4,22.4,12.6,10.6
Holly Ridge,29.6,22.4,26.4,12.0,9.6
Holly Springs,49.3,14.5,23.5,6.1,6.6
Holmen,35.2,19.7,23.5,6.5,15.2
Holt,39.6,19.4,23.9,5.3,11.8
Holyoke,35.0,13.9,23.5,18.4,9.2
Homer,28.8,14.8,20.8,10.5,25.2
Honey Grove,25.9,14.7,20.3,15.2,23.9
Hooper,30.2,19.8,25.0,16.1,8.9
Hope,83.1,50.7,63.0,42.300000000000004,61.0
Hope Valley,44.1,19.2,21.8,7.2,7.7
Hopewell,23.0,18.5,25.9,14.6,18.0
Hormigueros,25.4,18.1,34.5,8.9,13.0
Hornbeak,27.6,19.2,21.8,10.1,21.3
Hornell,33.5,18.5,20.9,11.5,15.6
Horner,24.2,18.3,25.8,17.5,14.2
Horse Cave,27.1,16.7,19.4,8.4,28.4
Horseshoe Beach,23.9,20.4,21.6,12.1,22.0
Hosford,32.3,28.4,14.3,14.0,11.0
Hoskins,35.9,19.1,23.7,12.3,9.0
Hosmer,39.1,11.0,25.7,13.1,11.2
Houma,24.1,16.8,25.3,15.8,18.0
Houston,53.300000000000004,31.5,45.7,20.7,48.8
Hoven,33.5,18.0,20.1,16.6,11.8
Howard,68.7,36.6,37.4,24.6,32.7
Howells,20.6,11.9,18.5,14.5,34.5
Hudgins,34.8,19.2,20.3,11.7,14.0
Hudson,25.0,16.5,19.4,15.2,23.9
Hughes Springs,27.7,19.8,20.7,6.6,25.1
Hughesville,70.9,36.6,49.3,18.5,24.6
Hugo,36.7,15.4,25.1,8.5,14.3
Hugoton,20.5,12.9,17.6,17.4,31.6
Hulett,28.3,13.2,20.6,23.1,14.8
Hume,28.0,19.9,20.9,15.5,15.6
Humeston,32.8,22.9,17.7,11.8,14.9
Humphrey,28.9,21.6,21.8,7.1,20.6
Hunnewell,25.8,19.0,21.2,10.8,23.2
Hunter,39.1,10.2,21.2,13.4,16.1
Huntersville,42.4,16.3,25.1,6.7,9.4
Huntley,37.0,15.1,27.1,8.2,12.6
Huntsville,100.1,64.19999999999999,66.5,33.8,35.4
Huron,31.9,12.6,19.9,17.8,17.8
Hurt,25.6,17.3,22.7,12.3,22.0
Huson,39.1,20.6,23.4,9.5,7.4
Hutchinson,30.7,18.9,19.3,14.0,17.1
Hyannis,40.2,12.4,15.6,20.6,11.2
Hyde Park,37.0,21.4,20.1,12.7,8.9
Hydro,27.4,19.8,22.4,16.5,13.9
Hymera,25.5,20.2,18.3,14.3,21.7
Idaho Falls,34.7,17.4,25.1,10.1,12.6
Idlewild,21.5,25.0,22.5,10.2,20.9
Ignacio,39.7,15.6,21.4,15.4,7.9
Ilwaco,26.7,22.5,18.8,14.6,17.5
Imogene,34.8,16.2,19.8,10.8,18.5
Imperial,23.5,24.1,25.1,14.7,12.5
Inchelium,34.6,15.3,17.7,18.4,14.0
Independence,26.4,19.3,21.6,16.1,16.6
Indiahoma,32.3,21.1,23.2,10.7,12.7
Indianapolis,33.7,18.4,25.7,7.6,14.7
Indianola,54.2,37.099999999999994,49.6,22.1,37.0
Ingalls,33.9,16.8,19.2,17.4,12.8
Ingram,31.6,22.4,26.3,12.0,7.6
Interior,45.8,16.7,15.7,15.0,6.8
Interlochen,34.9,19.6,25.9,7.9,11.7
Inver Grove Heights,42.4,15.1,25.4,6.1,11.0
Ione,33.1,19.4,19.2,14.7,13.6
Iowa,28.1,19.2,21.9,16.6,14.2
Iowa City,45.5,18.0,20.9,5.2,10.4
Iron Mountain,32.4,17.2,23.8,10.7,15.8
Irons,27.2,23.4,23.9,10.7,14.7
Irvine,20.6,16.7,19.5,11.0,32.2
Ivins,31.2,20.3,28.4,8.8,11.2
Jackson,191.9,119.29999999999998,135.29999999999998,68.0,85.6
Jacksonville,87.6,62.0,67.3,35.599999999999994,47.6
Jameson,27.6,18.0,22.3,15.2,16.9
Jamestown,73.2,31.799999999999997,44.8,20.5,29.799999999999997
Janesville,30.0,17.5,22.0,9.3,21.2
Jaroso,23.3,23.1,21.5,21.2,10.9
Jarratt,22.8,24.5,26.4,6.1,20.1
Jarvisburg,25.7,19.1,26.6,17.9,10.7
Jasper,106.2,76.2,89.1,51.900000000000006,76.7
Jayton,39.7,16.3,16.8,17.8,9.3
Jayuya,24.2,16.4,15.6,11.4,32.4
Jean,26.5,30.2,26.3,7.9,9.1
Jefferson,85.1,58.6,61.599999999999994,43.9,50.9
Jeffersonville,36.2,15.0,21.6,12.9,14.3
Jenkinsville,24.1,21.9,20.7,10.0,23.3
Jennings,66.0,35.5,37.400000000000006,29.8,31.200000000000003
Jerome,37.9,19.7,22.7,7.9,11.8
Jersey,67.1,33.3,44.0,27.0,28.6
Jersey City,39.4,18.4,22.9,6.2,13.1
Jesup,29.7,15.2,21.8,16.2,17.0
Jewett,23.1,17.0,20.4,18.0,21.6
Johnson,63.9,34.2,43.9,34.599999999999994,23.299999999999997
Johnson City,87.0,58.599999999999994,70.80000000000001,36.5,47.099999999999994
Johnson Creek,30.5,17.3,22.8,9.7,19.7
Johnston City,31.1,22.1,25.1,9.9,11.7
Johnstown,32.1,19.9,23.4,9.8,14.8
Jones,35.7,17.9,25.2,10.8,10.3
Jonesboro,63.4,31.6,46.599999999999994,21.7,36.7
Jonesville,25.8,17.1,24.1,11.4,21.6
Jourdanton,23.3,20.9,21.8,19.3,14.8
Judsonia,30.5,17.3,23.6,12.3,16.2
Juncos,37.9,17.8,27.5,8.7,8.1
Junction,29.5,17.1,26.5,16.3,10.7
Junction City,31.4,16.4,23.0,12.9,16.3
Juneau,72.0,30.900000000000002,42.4,22.2,32.5
Kadoka,47.0,15.1,17.2,11.2,9.5
Kahuku,35.8,21.2,25.1,9.1,8.8
Kansas City,101.69999999999999,53.400000000000006,75.1,26.0,43.900000000000006
Karbers Ridge,26.9,20.4,17.6,16.9,18.2
Karnak,28.8,21.4,20.9,12.0,16.9
Katy,49.3,12.4,23.6,6.5,8.2
Kaukauna,33.0,14.7,24.9,8.8,18.6
Kearney,31.7,18.4,26.1,8.8,15.0
Keatchie,25.6,18.6,23.5,14.9,17.4
Keenes,26.6,19.8,23.5,9.2,20.8
Kelley,44.8,17.3,20.7,7.1,10.1
Kellyton,28.6,14.2,22.0,12.1,23.2
Kelso,27.3,19.8,22.2,12.5,18.2
Kemah,39.7,17.0,22.8,10.3,10.2
Kemp,33.0,15.9,26.7,10.8,13.7
Kempner,30.8,21.3,20.1,16.7,11.1
Kenai,29.9,19.0,22.2,16.9,12.0
Kendrick,30.0,18.2,17.2,17.8,16.8
Kenilworth,26.1,19.1,25.6,14.5,14.8
Kennard,23.7,27.5,24.1,11.8,12.9
Kennedy,55.9,34.5,44.1,22.5,43.0
Kennett,26.6,21.5,20.1,9.7,22.1
Kensington,37.4,16.8,19.3,15.0,11.4
Kent,58.599999999999994,35.7,47.4,22.6,35.7
Kenton,65.0,31.900000000000002,38.099999999999994,25.099999999999998,40.0
Keo,34.1,15.4,25.1,11.3,14.0
Keota,27.0,17.9,19.1,22.0,14.0
Kermit,20.6,16.2,19.2,24.4,19.7
Kernersville,37.1,16.8,26.0,6.7,13.4
Kewanee,30.9,16.8,23.2,11.0,18.1
Kilmarnock,35.3,19.6,26.0,11.4,7.7
Kinderhook,25.6,19.8,20.7,14.4,19.5
King And Queen Court Hous,26.7,18.6,19.3,20.6,14.7
King Ferry,32.7,19.9,22.4,10.3,14.7
King Salmon,33.1,18.7,20.5,12.9,14.8
King William,32.4,10.7,25.0,17.2,14.8
Kingfield,30.2,20.3,23.8,12.0,13.7
Kingman,29.7,20.0,24.3,10.6,15.4
Kingsland,29.2,13.8,21.3,20.1,15.7
Kingsport,32.4,17.5,27.1,9.0,14.0
Kingston,96.3,61.199999999999996,66.39999999999999,33.1,42.9
Kirksville,34.9,20.1,23.8,8.0,13.2
Kirkville,26.5,17.3,19.8,10.2,26.2
Kirkwood,29.4,20.9,20.0,9.3,20.4
Kissimmee,24.4,25.7,29.2,8.9,11.8
Kite,23.6,18.6,19.6,12.8,25.4
Klamath Falls,30.2,18.7,24.5,11.9,14.7
Klamath River,33.7,21.7,21.8,12.5,10.4
Klingerstown,27.8,16.8,22.8,10.6,21.9
Klondike,30.6,17.4,23.8,13.0,15.3
Knippa,27.8,22.8,20.1,18.5,10.8
Krakow,27.5,17.4,22.7,11.8,20.6
Kress,27.4,17.6,21.2,14.7,19.0
Krypton,30.7,18.1,26.2,13.6,11.4
Kulm,36.2,20.8,18.6,14.2,10.3
La Crosse,35.3,16.6,21.8,11.1,15.3
La Grande,28.9,20.4,25.4,10.9,14.4
La Junta,35.5,26.7,12.4,18.4,7.0
La Plata,62.3,42.7,42.4,22.9,29.7
La Pryor,28.7,26.9,12.6,18.2,13.7
La Push,29.0,23.6,23.7,11.2,12.5
Labelle,23.2,18.2,32.5,13.8,12.3
Lackey,48.2,14.8,20.6,8.4,8.0
Lacrosse,46.8,19.7,18.9,6.7,7.7
Lafayette,52.3,15.7,20.3,5.1,6.5
Lagrange,33.6,20.3,18.2,13.5,14.4
Lajas,27.5,19.7,24.4,17.0,11.4
Lake Ann,38.3,18.5,22.5,10.9,9.7
Lake Benton,32.8,18.9,18.0,16.2,14.1
Lake Butler,23.7,28.6,24.7,11.5,11.4
Lake George,35.5,19.5,24.4,8.3,12.2
Lake Minchumina,35.7,18.7,19.5,15.6,10.5
Lake Oswego,37.9,15.3,26.7,8.6,11.5
Lake Placid,27.7,23.9,26.8,14.5,7.2
Lake Village,18.9,15.9,22.0,19.9,23.2
Lake Wales,29.5,21.0,25.6,11.0,12.9
Lakeville,40.1,17.6,21.7,9.9,10.6
Lakota,34.0,15.6,20.7,11.0,18.7
Lamar,42.7,30.5,49.2,26.8,50.7
Lamesa,25.6,18.3,19.5,23.9,12.6
Lamont,58.900000000000006,35.599999999999994,38.3,27.9,39.4
Lampasas,29.3,20.5,22.8,15.3,12.1
Lancaster,29.9,16.3,28.2,10.2,15.5
Land O' Lakes,35.5,18.6,28.5,8.9,8.4
Landrum,30.8,16.1,23.8,8.8,20.6
Lane City,27.2,19.5,20.0,17.5,15.8
Lanesville,34.5,15.6,26.3,7.2,16.4
Lanexa,36.1,14.4,25.7,15.5,8.3
Langlois,32.0,21.3,25.2,13.7,7.8
Langtry,24.6,23.0,25.2,14.3,12.9
Lansing,26.3,19.8,20.9,15.6,17.4
Laquey,32.8,20.9,21.9,12.3,12.0
Laredo,26.2,22.5,28.3,10.4,12.6
Lares,37.3,17.9,22.4,10.0,12.4
Larose,27.6,15.3,23.7,15.1,18.3
Las Marias,30.1,22.6,18.4,15.1,13.8
Las Piedras,52.099999999999994,40.900000000000006,48.7,30.6,27.7
Laurel,52.9,34.7,46.5,28.2,37.8
Lavalette,30.1,20.7,23.6,9.6,16.2
Lavina,35.3,12.0,16.5,22.7,13.4
Lawndale,28.5,20.5,19.6,9.5,21.9
Lawrence,85.4,35.6,46.900000000000006,13.3,18.8
Le Roy,34.7,18.2,18.7,13.8,14.6
Le Sueur,31.9,16.5,19.8,12.6,19.3
Leadore,31.2,17.8,24.5,14.5,12.0
Leakesville,28.5,12.1,21.6,20.5,17.2
Leakey,33.7,24.2,22.0,8.7,11.3
Leasburg,53.8,38.6,46.099999999999994,26.3,35.2
Lebo,33.0,18.4,20.9,14.3,13.4
Ledger,70.5,41.900000000000006,37.3,34.7,15.600000000000001
Leeds,38.1,20.2,15.0,11.9,14.8
Leesburg,22.0,19.6,21.9,13.6,23.0
Leicester,31.3,20.3,20.6,14.3,13.4
Leitchfield,28.0,12.7,19.2,16.0,24.2
Lemoyne,54.9,10.9,4.1,19.7,10.4
Lena,50.0,35.7,44.9,28.299999999999997,41.1
Lenoir City,30.8,16.7,22.0,11.8,18.7
Lenore,27.7,16.3,19.9,22.5,13.6
Leonard,33.2,17.7,13.4,12.0,23.6
Leoti,32.5,17.9,11.0,20.0,18.7
Leroy,25.0,17.8,19.4,11.7,26.2
Leslie,27.7,11.9,26.0,16.0,18.4
Letcher,34.1,15.7,22.8,15.1,12.3
Letohatchee,23.9,16.2,19.4,9.2,31.4
Lettsworth,25.3,18.5,25.3,16.4,14.6
Levan,26.5,16.5,24.9,15.4,16.7
Lewis,32.0,12.5,20.5,17.2,17.9
Lewisport,23.4,15.1,18.5,11.0,32.0
Lewiston,37.4,15.1,23.6,7.6,16.2
Lewistown,39.6,17.0,18.8,13.0,11.7
Lexington,118.9,64.8,67.3,20.9,28.000000000000004
Liberty,70.6,33.7,43.0,26.0,26.6
Lidgerwood,31.0,10.0,16.6,14.1,28.3
Lima,56.3,36.0,42.2,17.8,47.7
Lincoln,152.7,70.19999999999999,87.1,45.7,44.2
Linden,60.6,36.5,40.7,27.3,34.8
Lineville,32.3,13.3,18.0,13.8,22.6
Linn,31.3,22.0,22.2,16.3,8.2
Linneus,27.3,17.2,23.3,13.1,19.2
Lisbon,25.4,19.3,22.0,10.3,23.1
Lisbon Falls,31.5,18.5,25.7,10.1,14.2
Litchfield,127.2,64.2,78.6,45.5,84.6
Lithonia,42.7,16.8,24.0,5.7,10.7
Little Eagle,43.0,14.9,18.7,15.8,7.6
Little Falls,32.0,17.6,24.8,7.5,18.1
Little Mountain,25.4,15.4,23.9,12.6,22.7
Little River,33.1,17.7,27.1,10.8,11.2
Little Suamico,27.8,15.6,19.8,14.4,22.5
Littlefork,27.5,18.6,23.2,11.9,18.8
Livingston,30.8,14.8,24.5,16.5,13.3
Loachapoka,39.7,16.1,22.9,8.3,13.0
Lockhart,24.1,22.4,23.4,14.4,15.7
Locust,29.1,19.9,22.4,13.0,15.5
Locust Grove,32.4,20.2,25.1,12.2,10.1
Locust Hill,31.1,20.9,24.7,12.4,10.9
Logan,61.6,39.1,43.400000000000006,27.2,28.5
Loiza,22.5,30.2,26.1,10.1,11.1
Lombard,44.8,13.1,26.2,5.5,10.5
Lonaconing,60.8,41.7,47.5,23.4,26.6
Long Beach,27.9,23.8,25.0,12.2,11.2
Long Branch,46.2,35.4,44.5,39.400000000000006,34.5
Long Pine,41.3,22.0,15.3,13.1,8.3
Longford,35.8,14.2,20.3,13.8,15.9
Longview,27.7,16.6,26.2,12.1,17.4
Longville,29.4,21.0,23.7,13.3,12.7
Lontetree,30.1,18.3,19.1,16.7,15.8
Lookout Mountain,27.2,20.0,23.3,14.7,14.9
Lorman,23.5,20.4,20.0,13.8,22.3
Los Angeles,35.7,19.1,24.6,7.8,12.8
Los Gatos,40.4,19.2,21.9,11.3,7.2
Lost City,20.4,21.1,17.4,12.1,29.1
Lost Creek,28.4,23.1,23.1,12.4,12.9
Louisiana,27.4,15.6,23.8,16.6,16.6
Louisville,37.0,16.4,24.8,6.6,15.3
Lovelady,24.5,22.1,24.5,13.4,15.5
Lubbock,34.0,20.1,25.8,10.1,10.1
Luck,26.9,21.5,21.4,13.4,16.8
Ludell,42.5,15.0,20.3,12.6,9.6
Lueders,31.5,18.0,25.6,13.6,11.3
Lufkin,26.8,20.8,22.4,13.3,16.7
Lulu,30.6,21.8,24.7,12.6,10.4
Lumberton,42.7,15.3,25.8,6.9,9.3
Luning,24.0,22.2,24.0,13.8,16.1
Luquillo,23.8,25.7,26.9,14.5,9.1
Luray,48.3,39.4,50.3,21.0,41.1
Lusk,38.8,17.0,20.9,10.9,12.5
Lutcher,23.7,19.9,24.5,12.4,19.4
Luverne,64.4,36.1,40.0,29.9,29.6
Lyford,21.9,27.0,21.2,16.6,13.3
Lyle,28.9,16.8,21.0,9.6,23.7
Lynchburg,127.79999999999998,72.30000000000001,92.69999999999999,37.699999999999996,69.5
Lyndhurst,78.0,31.0,47.9,16.2,27.0
Lyons,80.6,53.099999999999994,68.5,46.7,51.0
Lysite,33.5,20.0,20.7,15.3,10.5
Lytton,32.8,19.2,20.9,14.0,13.2
Macksburg,64.7,29.4,43.3,31.200000000000003,31.4
Macon,69.80000000000001,38.0,51.599999999999994,18.3,22.299999999999997
Madeline,29.1,29.1,19.4,10.1,12.3
Madison,100.89999999999999,53.2,70.3,27.3,48.2
Magnolia,100.7,72.7,86.60000000000001,52.400000000000006,87.69999999999999
Maiden,29.6,14.1,24.8,11.6,19.9
Malcom,33.2,18.2,22.4,8.4,17.8
Malvern,24.7,16.6,21.9,13.5,23.4
Mammoth Cave,24.7,19.4,22.4,16.4,17.1
Manakin Sabot,46.6,14.9,22.4,8.8,7.4
Manassa,29.6,20.0,20.0,18.2,12.2
Manassas,65.1,35.4,51.2,27.1,21.1
Manati,32.2,20.6,26.8,9.0,11.4
Mancelona,20.6,21.2,25.0,15.4,17.8
Mancos,39.2,20.2,21.8,11.4,7.4
Manhattan,41.0,20.6,21.7,8.4,8.3
Manitou,29.4,19.5,17.7,16.1,17.3
Mankato,39.9,14.3,18.1,16.3,11.5
Mannboro,26.2,17.1,30.1,14.6,11.9
Manokotak,38.1,15.4,22.7,11.6,12.1
Mansfield,87.7,56.2,67.4,37.2,51.6
Mansfield Center,41.8,15.8,23.5,9.0,9.9
Manville,33.6,21.2,24.9,7.2,13.1
Many,29.5,15.7,17.7,20.6,16.5
Maple Park,33.4,19.1,25.1,8.3,14.1
Maplewood,31.7,20.2,23.2,10.7,14.1
Marathon,43.4,19.5,18.8,12.5,5.8
Mardela Springs,33.7,20.8,24.0,9.2,12.2
Marengo,83.6,56.5,65.2,31.7,63.0
Margaretville,30.8,20.9,21.5,11.7,15.1
Maria Stein,24.7,14.5,19.7,10.8,30.2
Marianna,25.4,28.7,20.6,15.8,9.6
Maricao,23.4,27.7,13.5,18.7,16.7
Marienthal,37.3,16.6,14.4,20.5,11.1
Marienville,26.2,29.9,23.0,8.5,12.4
Marietta,104.1,47.7,69.8,31.299999999999997,47.0
Marine On Saint Croix,45.2,15.1,23.4,6.5,9.7
Marion,84.2,53.300000000000004,65.2,29.3,67.9
Marland,35.6,15.4,20.1,10.5,18.4
Marmaduke,28.3,13.7,23.5,9.7,24.8
Marmarth,46.3,7.5,14.9,19.7,11.6
Marshall,162.79999999999998,86.2,111.80000000000001,57.8,81.5
Marshallberg,35.5,20.3,21.6,12.8,9.8
Martha,23.7,18.2,25.1,15.1,17.9
Martin,55.9,37.400000000000006,45.1,21.2,40.4
Martinsville,25.6,19.8,25.1,5.6,23.9
Marysville,64.2,39.900000000000006,50.3,17.2,28.5
Maryville,33.9,17.4,24.8,8.9,14.9
Mason,64.6,39.0,45.2,24.1,27.299999999999997
Mass City,26.3,21.8,21.3,14.4,16.3
Matlock,32.5,16.7,21.7,13.5,15.7
Matthews,38.5,14.8,25.4,9.9,11.5
Mattoon,28.9,21.2,25.4,7.9,16.6
Mauk,26.0,11.7,20.3,20.1,22.0
Maunabo,25.7,27.5,23.6,10.7,12.6
Maxton,31.1,20.3,22.9,7.8,17.9
Maxwell,37.7,15.3,24.9,9.6,12.6
May,32.9,15.3,19.3,20.6,11.9
Mayaguez,32.9,19.6,29.7,7.6,10.1
Mayer,31.3,22.9,24.0,11.9,9.8
Mayesville,21.6,21.6,25.8,8.3,22.8
Mayo,29.8,26.1,17.5,9.5,17.1
Mayslick,58.7,32.5,35.1,32.0,41.8
Maywood,34.9,14.2,23.3,18.2,9.4
McAlpin,24.0,24.7,23.1,14.4,13.8
McClure,24.1,19.5,19.4,13.3,23.7
McColl,23.0,16.5,22.1,9.7,28.7
McCool,29.0,12.5,21.5,19.4,17.6
McEwen,29.5,14.4,19.3,14.6,22.2
McLeansboro,25.7,14.5,23.5,16.1,20.2
McLouth,32.0,16.3,22.5,14.2,15.1
McMechen,28.1,20.0,22.3,15.6,14.0
McMinnville,22.9,22.8,17.1,12.3,25.0
McNeill,30.0,17.6,23.2,13.1,16.1
Mcarthur,40.7,14.7,18.1,18.0,8.5
Mcdaniel,37.6,22.4,22.3,10.1,7.5
Meadows Of Dan,25.9,16.9,17.5,13.7,26.0
Meally,30.4,16.5,26.5,15.2,11.3
Means,21.5,22.1,17.5,13.0,25.9
Medford,27.7,11.7,17.8,14.1,28.7
Mediapolis,28.1,19.3,23.4,9.3,19.9
Medical Lake,35.8,19.2,26.0,7.6,11.4
Medicine Bow,42.0,20.3,20.7,9.4,7.7
Medicine Lodge,33.8,14.5,19.7,15.7,16.2
Medora,66.6,36.2,40.599999999999994,25.8,30.8
Meeker,30.4,19.8,21.0,18.8,10.0
Meherrin,30.9,25.7,21.2,10.6,11.7
Melbourne,60.1,33.8,40.400000000000006,20.700000000000003,44.900000000000006
Melrose,59.2,31.4,46.0,23.1,40.2
Melvin,64.0,30.9,44.7,29.8,30.5
Memphis,35.1,17.4,25.5,6.7,15.3
Mena,28.6,14.3,24.7,14.2,18.1
Menard,28.6,23.7,17.9,20.5,9.3
Mendenhall,26.8,17.1,18.2,17.3,20.6
Menno,38.1,18.4,18.6,12.2,12.7
Menomonie,31.4,17.8,22.1,9.7,19.1
Mentone,27.4,13.3,21.4,8.2,29.7
Mentor,29.0,13.6,26.2,13.9,17.4
Meraux,24.5,20.9,21.6,18.2,14.8
Meredosia,27.9,15.3,23.1,11.9,21.8
Meriden,31.5,19.8,18.7,13.8,16.2
Meridian,30.5,19.6,22.6,15.7,11.6
Merrill,25.9,16.4,24.6,10.4,22.7
Merrimack,40.7,14.8,25.1,8.3,11.1
Merry Point,30.3,31.2,22.8,8.1,7.6
Meta,24.1,16.5,22.4,11.3,25.7
Metter,27.0,18.6,23.8,16.1,14.6
Metz,43.0,17.7,23.2,8.9,7.2
Meyers Chuck,30.2,17.1,22.7,17.8,12.1
Miami,162.0,100.00000000000001,117.6,57.3,63.3
Michigamme,31.2,24.1,22.3,12.3,10.0
Middleton,28.1,22.7,20.6,9.5,19.1
Middletown,45.7,15.4,22.9,7.8,8.2
Midkiff,25.8,16.2,18.2,21.0,18.9
Midland,97.39999999999999,48.800000000000004,71.0,39.0,43.900000000000006
Midlothian,80.6,32.8,47.8,21.7,17.1
Midvale,26.1,20.6,18.1,16.5,18.7
Midville,27.1,19.3,20.3,14.1,19.2
Midway,60.2,43.7,45.1,31.0,20.0
Mikado,22.4,20.4,25.9,12.2,19.1
Milford,93.10000000000001,51.599999999999994,57.5,37.9,59.7
Mill Hall,24.8,21.1,22.6,12.4,19.1
Mill Spring,25.0,21.6,20.3,16.3,16.8
Millboro,28.5,25.2,23.3,10.6,12.5
Miller,36.9,15.3,21.5,18.8,7.5
Millersburg,37.9,18.5,25.0,6.1,12.5
Milligan,32.5,17.1,20.1,14.0,16.3
Mills,50.0,9.8,15.0,22.7,2.5
Millstone,51.0,12.4,23.5,5.5,7.5
Millwood,49.3,30.4,46.0,32.9,41.4
Milner,30.8,17.5,23.8,9.3,18.6
Milnor,31.7,17.5,18.0,15.2,17.5
Milton,215.5,107.8,165.5,81.3,129.7
Miltonvale,27.7,21.2,22.4,10.8,17.8
Milwaukee,35.3,20.1,23.4,5.9,15.3
Minden,85.6,61.4,72.60000000000001,36.599999999999994,43.7
Mineral,33.1,16.1,24.2,13.2,13.4
Mineral City,25.9,18.4,22.1,9.8,23.8
Mingo Junction,28.5,21.0,23.7,11.1,15.7
Minnesota Lake,32.5,20.0,25.0,7.7,14.8
Minong,28.2,19.6,21.9,11.9,18.5
Minot,30.5,18.9,23.2,13.7,13.7
Minter,26.5,19.5,19.3,10.1,24.5
Minturn,60.1,47.2,41.4,27.6,23.7
Mission,35.5,25.0,22.0,10.5,7.1
Mitchell,95.0,50.099999999999994,67.0,42.900000000000006,45.0
Moab,58.800000000000004,51.7,45.1,27.5,17.0
Moatsville,21.3,21.1,28.8,15.2,13.6
Mobile,32.4,17.4,26.2,9.7,14.3
Moca,30.9,26.4,23.8,12.7,6.2
Modale,29.5,16.7,23.7,11.5,18.5
Model,32.6,22.8,23.6,10.9,10.1
Mohall,36.0,12.4,23.2,16.4,11.9
Molena,33.2,15.2,22.4,11.4,17.9
Moline,29.5,18.9,23.9,8.4,19.3
Monarch,33.9,21.8,23.2,11.2,9.9
Monmouth,36.0,16.8,25.6,10.3,11.4
Monongahela,34.8,16.9,24.8,10.7,12.8
Monroe,92.0,60.400000000000006,66.4,41.0,40.2
Monroe Center,31.3,16.3,20.7,9.8,21.8
Monterey,48.1,41.4,37.599999999999994,27.200000000000003,45.7
Monterville,30.1,22.7,18.5,16.1,12.7
Montezuma,31.8,25.1,24.5,10.4,8.3
Montgomery,88.7,59.5,72.5,38.400000000000006,40.900000000000006
Monticello,203.70000000000002,104.9,135.3,67.3,89.1
Montross,26.2,18.7,26.9,14.0,14.2
Moore Haven,22.0,13.2,17.3,33.7,13.8
Moorefield,26.0,16.5,21.8,13.2,22.6
Moran,65.0,42.2,44.6,24.0,24.2
Morenci,26.4,12.7,13.6,31.4,15.9
Moreno Valley,29.0,21.7,25.1,11.3,13.0
Morgan,38.6,14.2,21.4,14.2,11.6
Morgantown,26.7,13.0,23.1,13.9,23.3
Morovis,29.5,19.5,29.2,9.2,12.7
Morris,33.3,19.6,22.2,11.9,13.0
Morrison,57.5,29.3,49.5,22.799999999999997,40.900000000000006
Morrisville,36.9,17.5,22.6,10.3,12.7
Morrow,27.6,25.2,20.3,12.8,14.1
Mosby,50.5,11.9,16.0,16.9,4.7
Moscow,65.5,35.3,44.1,26.0,29.0
Mosheim,27.8,17.4,21.1,9.8,23.8
Moss,26.7,20.2,19.0,15.4,18.7
Moss Point,30.7,20.5,21.8,13.1,13.9
Mossyrock,25.9,20.1,23.6,12.5,18.0
Moulton,25.1,14.8,18.3,15.3,26.5
Moultrie,25.2,16.3,18.9,20.1,19.5
Mound City,43.3,20.0,17.1,8.3,11.3
Mound Valley,29.9,20.9,18.8,10.0,20.4
Mounds,28.5,17.9,24.0,12.0,17.6
Mount Airy,27.7,18.4,22.1,13.9,17.9
Mount Ayr,35.9,18.0,16.8,14.1,15.3
Mount Berry,28.3,20.7,22.3,10.9,17.8
Mount Blanchard,25.0,15.9,18.3,12.5,28.3
Mount Carmel,26.5,19.9,17.5,13.2,22.9
Mount Eden,32.0,12.3,25.1,12.3,18.2
Mount Hermon,27.8,20.3,21.5,13.4,17.0
Mount Perry,26.4,20.0,24.8,10.1,18.6
Mount Pleasant,127.4,80.7,90.10000000000001,42.3,59.50000000000001
Mount Prospect,38.3,18.2,24.4,6.1,13.0
Mount Sterling,54.7,35.9,38.3,23.6,47.400000000000006
Mount Vernon,82.6,56.9,73.4,32.1,55.0
Mountain Home A F B,28.5,21.8,17.4,16.7,15.6
Mountain View,80.7,34.4,38.900000000000006,20.1,25.8
Mountville,24.8,18.6,21.6,9.9,25.1
Moweaqua,27.6,18.1,20.3,12.2,21.7
Mt Zion,31.9,19.1,23.8,9.2,16.0
Muenster,27.6,22.6,19.1,11.4,19.3
Mullen,38.4,16.6,20.2,15.1,9.7
Mullica Hill,41.0,14.7,25.8,8.0,10.5
Muncie,30.8,23.0,23.7,7.4,15.2
Muncy Valley,25.9,18.4,17.6,20.5,17.7
Mundelein,41.9,15.3,25.5,6.0,11.3
Munford,28.1,14.8,22.3,11.2,23.6
Murchison,29.6,19.0,23.5,14.5,13.4
Murdo,38.0,13.3,25.7,17.4,5.6
Murphysboro,38.0,20.6,25.0,7.2,9.3
Murrayville,61.5,35.5,50.3,22.0,30.9
Muscoda,26.0,17.5,20.4,12.8,23.3
Nahunta,27.4,18.5,22.0,18.2,14.0
Nancy,23.3,18.9,19.4,13.7,24.8
Nantucket,26.3,18.4,26.0,20.8,8.5
Naranjito,23.7,18.7,35.2,11.8,10.6
Nardin,28.5,18.8,23.6,12.6,16.5
Narrows,25.6,19.4,26.5,6.9,21.6
Nashville,39.8,16.7,25.8,7.0,10.7
Natchez,27.4,21.0,25.1,12.1,14.4
Natchitoches,26.5,19.6,26.1,12.1,15.8
Naylor,25.5,22.3,20.9,11.4,19.9
Nekoma,39.0,16.9,18.1,15.1,11.0
Nelson,31.6,14.8,19.3,14.0,20.3
Neopit,25.5,30.8,20.0,9.8,13.9
Neosho,21.2,14.8,25.2,15.6,23.2
Neshkoro,24.8,18.6,18.1,14.4,24.0
Nevada,30.0,20.5,22.4,13.0,14.1
Nevis,30.3,19.9,22.7,12.4,14.8
New Athens,37.2,15.1,27.2,9.7,10.8
New Bern,30.8,18.9,19.8,15.7,14.8
New Bloomington,27.7,17.9,20.2,8.3,25.9
New Boston,59.3,33.8,47.9,24.799999999999997,34.3
New Brighton,32.4,18.4,25.2,8.7,15.2
New Columbia,32.4,20.4,20.8,10.2,16.2
New Cumberland,27.3,20.3,23.5,9.5,19.4
New Ellenton,34.7,16.2,23.4,10.9,14.8
New Germany,45.0,14.3,24.6,6.8,9.4
New Harmony,33.5,19.1,22.9,11.9,12.7
New Holland,32.8,16.4,23.3,10.4,17.0
New Iberia,25.7,17.4,25.6,15.9,15.4
New Leipzig,44.3,11.5,16.0,19.0,9.1
New London,63.3,40.099999999999994,45.1,22.3,29.3
New Market,54.2,33.7,41.3,23.3,47.7
New Orleans,73.69999999999999,41.6,45.5,20.1,19.1
New Richland,63.4,32.2,46.5,18.0,39.900000000000006
New Rockford,38.7,20.0,14.8,16.5,10.1
New Salisbury,29.3,17.0,22.9,11.1,19.7
New Vienna,26.5,15.4,19.5,13.8,24.8
New York,59.2,13.8,20.7,2.1,4.1
Newark,143.7,70.7,91.7,42.599999999999994,51.4
Newaygo,25.8,15.6,23.2,13.9,21.5
Newberg,31.5,19.6,21.5,11.3,16.1
Newberry,24.4,25.0,24.1,10.4,16.1
Newburgh,36.3,15.8,24.5,9.9,13.4
Newbury,39.0,16.0,21.2,13.3,10.5
Newcastle,30.5,17.1,23.2,15.7,13.6
Newell,25.8,16.9,18.8,9.0,29.5
Newport,97.2,56.599999999999994,62.900000000000006,31.1,52.2
Newport News,33.1,20.4,24.8,9.5,12.2
Newton,27.3,17.6,20.5,9.9,24.7
Newtown,42.1,13.8,26.1,8.1,9.9
Nezperce,29.5,22.9,20.4,13.6,13.5
Niagara,59.1,35.8,38.099999999999994,28.8,38.4
Niagara University,31.7,18.8,26.4,8.8,14.3
Nicholasville,34.5,18.4,22.8,11.5,12.8
Nicollet,38.5,17.0,23.4,8.0,13.2
Nineveh,33.5,22.4,17.4,11.1,15.6
Niota,29.3,16.9,24.0,10.2,19.5
Noatak,33.8,18.2,22.4,14.9,10.8
Noblesville,79.9,32.599999999999994,51.4,13.2,23.1
Nodaway,32.6,18.5,19.8,9.6,19.4
Nolensville,54.8,11.0,24.8,3.8,5.6
Noma,25.7,24.4,22.5,15.0,12.3
Norcatur,33.5,19.1,22.3,12.3,12.7
Nordland,33.5,21.6,23.7,11.9,9.3
Norfolk,32.4,21.4,23.4,11.6,11.1
Normal,42.2,17.8,25.5,5.8,8.7
Norman,73.3,35.2,48.9,23.3,19.4
Normandy,24.0,14.1,23.0,13.6,25.3
Norphlet,30.8,15.6,23.8,12.4,17.4
Norris,48.1,15.1,13.9,15.5,7.3
North Augusta,27.5,16.5,20.4,15.2,20.4
North Beach,39.9,15.3,24.9,12.2,7.7
North Carrollton,34.1,12.2,21.9,15.4,16.4
North East,33.7,19.9,23.2,7.3,15.9
North Fairfield,23.5,16.0,20.5,13.7,26.3
North Hero,38.4,14.2,26.3,11.0,10.2
North Java,27.5,17.7,23.3,14.9,16.6
North Little Rock,40.3,16.7,26.0,6.8,10.3
North Platte,33.8,10.4,27.9,11.3,16.7
North Sioux City,41.8,13.9,24.1,7.8,12.4
North Washington,27.9,14.2,21.3,13.0,23.6
Northway,30.4,21.2,15.6,21.5,11.2
Northwood,33.0,13.6,18.6,18.2,16.6
Norton,33.7,25.3,23.5,6.5,10.9
Norwalk,37.7,15.2,26.6,9.8,10.7
Norway,28.2,18.1,23.3,9.3,21.1
Nottawa,24.6,14.4,19.3,9.6,32.1
Nowata,34.1,15.0,24.8,11.3,14.9
Oak,36.0,17.8,20.3,14.6,11.4
Oak Grove,57.599999999999994,36.0,46.3,27.099999999999998,33.0
Oak Vale,27.3,15.0,19.4,20.8,17.5
Oakhurst,25.3,17.0,20.8,23.5,13.3
Oakland,21.8,15.1,22.8,9.3,31.0
Oakley,24.5,13.2,24.1,19.0,19.3
Oakman,23.4,12.5,24.4,12.8,26.9
Oaktown,27.5,21.4,19.8,11.4,19.8
Oakwood,31.7,13.9,16.6,23.3,14.4
Oberlin,32.4,18.4,24.4,8.2,16.6
Ochlocknee,28.7,12.8,26.2,14.3,18.1
Odem,27.8,20.9,20.1,17.5,13.7
Odessa,23.5,15.4,25.9,17.4,17.8
Odonnell,52.8,11.7,14.2,14.2,7.1
Ogallala,30.3,19.3,23.8,13.3,13.3
Ogden,31.6,15.8,25.3,10.2,17.1
Ogdensburg,25.3,17.9,19.3,11.5,26.0
Okeechobee,21.2,20.9,23.5,20.6,13.9
Oktaha,28.2,20.5,22.9,11.3,17.2
Old Glory,34.9,19.9,15.4,15.0,14.8
Oldenburg,31.7,14.7,20.4,14.8,18.4
Oldham,38.3,14.2,19.1,12.5,15.8
Olla,23.0,21.7,23.9,15.1,16.3
Olpe,28.0,18.8,21.0,10.8,21.5
Omaha,92.1,52.599999999999994,68.4,29.0,58.0
Onawa,28.7,20.3,22.5,14.7,13.7
Oneida,51.7,39.2,37.5,32.4,39.3
Opelika,28.7,21.7,23.0,10.4,16.3
Oquawka,25.5,21.6,18.4,12.1,22.4
Orange,28.3,15.7,24.2,15.2,16.6
Orange Grove,28.2,20.5,20.9,18.2,12.2
Orangeville,26.6,19.3,23.3,9.3,21.6
Ordway,34.3,26.7,23.2,8.5,7.3
Ore City,27.1,19.0,22.2,14.6,17.0
Orient,48.6,15.6,16.5,12.1,7.1
Orleans,88.6,54.7,63.3,43.3,50.0
Orma,23.5,15.8,22.5,26.9,11.4
Orocovis,53.0,40.9,55.400000000000006,22.700000000000003,28.1
Oronoco,48.1,16.2,20.0,6.3,9.5
Ortley,35.7,19.4,18.1,11.6,15.2
Osceola,28.8,18.8,22.2,12.1,18.0
Oshkosh,30.1,17.6,24.7,7.0,20.5
Osnabrock,43.5,8.4,20.4,14.6,13.0
Osseo,34.7,17.8,26.4,6.4,14.7
Ossipee,32.2,23.4,22.5,11.9,10.0
Otley,30.2,15.5,24.2,11.1,19.0
Oto,28.3,18.5,24.0,9.3,19.9
Otsego,28.8,15.8,20.9,11.6,23.0
Otter Rock,28.0,27.5,24.6,9.3,10.6
Otterbein,54.0,27.3,40.5,26.9,51.4
Otterville,27.5,19.4,26.4,11.9,14.8
Otwell,23.6,12.7,22.0,12.6,29.1
Ouzinkie,27.1,21.3,19.3,9.4,22.9
Overbrook,25.0,19.0,22.5,14.4,19.1
Ovett,25.9,18.0,22.5,17.7,15.9
Owasso,36.4,16.6,25.8,9.3,11.8
Owenton,24.5,18.4,19.2,11.9,26.0
Owyhee,25.5,20.9,21.2,21.6,10.8
Oxford,63.0,34.099999999999994,49.5,22.2,31.299999999999997
Ozona,21.6,17.5,20.7,24.4,15.9
Pachuta,24.4,17.2,18.8,13.3,26.3
Paducah,97.9,51.8,61.99999999999999,67.9,20.299999999999997
Pageland,24.4,16.2,22.1,12.1,25.2
Pagosa Springs,40.6,15.5,22.2,18.6,3.1
Paicines,27.3,18.8,23.5,16.2,14.1
Paige,31.5,15.0,25.3,16.2,12.0
Painesville,35.6,16.7,25.1,7.0,15.6
Palco,36.0,17.2,19.7,16.5,10.6
Palestine,23.4,24.0,23.7,15.0,13.9
Palisade,27.6,22.5,23.9,13.1,13.0
Palmer,60.5,38.3,50.4,20.2,30.6
Palmersville,31.7,16.2,23.0,9.4,19.7
Palmyra,32.2,18.7,24.9,9.3,14.9
Palo Alto,45.4,18.4,22.4,6.3,7.4
Pampa,24.1,15.6,24.6,18.9,16.9
Panna Maria,27.3,18.4,22.6,19.1,12.5
Pantego,29.3,18.1,23.0,14.9,14.7
Panther Burn,36.4,27.4,21.3,11.6,3.3
Paradise Valley,20.3,17.5,22.6,22.3,17.3
Paragon,28.6,15.2,24.1,13.9,18.3
Paragould,33.8,16.7,22.9,10.0,16.7
Paris,100.4,59.900000000000006,60.2,31.1,48.400000000000006
Parish,28.8,20.4,22.6,12.0,16.3
Parker,36.5,18.3,17.6,13.1,14.5
Parkersburg,30.7,18.3,27.9,9.2,13.9
Parkesburg,48.8,13.5,22.8,7.4,7.6
Parkman,38.7,18.1,19.7,12.3,11.3
Parksville,33.6,20.8,20.5,8.3,16.8
Parma,54.3,40.0,45.3,20.1,40.3
Pateros,30.8,20.3,18.8,17.5,12.5
Patillas,28.2,26.0,18.8,11.5,15.6
Patoka,26.0,16.1,17.9,13.7,26.3
Patterson,25.5,13.1,19.4,22.7,19.2
Pattison,20.7,29.0,22.5,10.5,17.2
Paul,24.7,15.9,18.8,24.0,16.6
Paulding,23.5,16.8,18.3,9.7,31.6
Pawhuska,30.0,17.1,21.8,14.0,17.1
Pawling,40.1,19.8,22.9,8.8,8.4
Pawnee Rock,66.4,36.2,44.5,26.9,26.0
Paxico,35.5,16.4,21.6,12.3,14.3
Payette,26.3,20.0,26.3,11.8,15.7
Pearcy,31.5,20.7,25.0,12.1,10.7
Pearson,30.0,12.5,19.2,15.1,23.2
Pease,28.2,19.3,21.2,13.5,17.8
Pecan Gap,32.6,14.8,22.0,11.3,19.3
Peck,25.8,16.0,23.1,13.0,22.1
Pecos,25.5,26.8,20.4,14.3,12.8
Peebles,31.1,19.6,17.8,12.7,18.9
Pelham,42.8,14.5,27.1,7.3,8.4
Pellston,35.3,22.3,23.9,9.6,8.9
Pemberville,24.2,15.9,20.2,10.6,29.1
Pendleton,45.3,13.0,24.1,7.4,10.2
Penfield,26.8,19.2,22.0,11.8,20.2
Penns Grove,32.4,18.1,20.7,12.0,16.7
Penrose,31.0,24.5,20.7,13.5,10.3
Pensacola,32.2,21.0,28.5,8.5,9.8
Penuelas,59.0,46.2,42.9,25.700000000000003,26.200000000000003
Peoa,44.3,19.3,21.3,7.3,7.8
Pequot Lakes,31.7,20.0,26.0,10.1,12.2
Peralta,26.5,23.8,24.6,14.5,10.5
Perkinston,30.5,11.0,21.6,20.8,16.1
Perry,56.2,43.9,39.4,28.6,31.9
Peru,29.7,17.2,15.2,20.7,17.2
Peterman,19.4,21.0,20.4,11.4,27.9
Petersburg,91.5,60.0,66.69999999999999,37.9,43.8
Petrolia,36.6,16.0,25.2,8.8,13.4
Pfafftown,39.4,18.2,22.6,7.3,12.6
Philadelphia,66.4,46.9,44.9,19.4,22.5
Phillips,28.4,17.6,17.1,11.1,25.8
Phillipsburg,38.3,15.3,20.6,12.1,13.7
Phoenix,36.6,18.4,27.2,8.4,9.5
Pickens,46.0,12.5,25.6,6.6,9.3
Piedmont,24.2,23.4,12.8,16.0,23.6
Pierre Part,26.5,18.4,19.9,17.6,17.6
Pine,29.4,23.1,22.2,15.4,10.0
Pine Brook,49.6,13.0,24.7,5.8,6.9
Pine Grove,30.9,22.9,25.3,10.3,10.6
Pine Island,36.7,15.8,20.0,10.7,16.9
Pine Mountain,29.1,16.9,22.1,8.4,23.4
Pinetop,28.5,25.6,22.7,11.6,11.6
Pineville,51.2,35.5,48.3,34.1,30.9
Pippa Passes,31.4,18.1,23.8,15.2,11.5
Piqua,27.6,16.5,17.6,15.9,22.4
Pisek,30.9,16.4,18.2,19.7,14.8
Pismo Beach,37.4,20.8,23.4,10.0,8.5
Pitkin,62.1,41.6,48.0,26.1,22.2
Pitts,21.7,17.9,20.2,11.7,28.4
Pittsburg,31.4,19.5,18.5,9.7,20.9
Placerville,40.2,19.2,24.9,8.7,7.1
Plain City,37.0,15.2,21.8,7.7,18.4
Plainview,33.2,15.9,22.0,12.1,16.9
Plainville,32.0,17.6,21.3,13.1,16.0
Plano,39.7,13.1,26.8,8.6,11.8
Plattsburg,25.7,19.8,25.2,12.8,16.6
Plattsburgh,31.2,22.8,22.9,8.9,14.3
Pleasanton,32.8,16.5,23.6,15.0,12.1
Pleasantville,36.2,17.9,24.7,8.3,13.0
Pleasureville,26.4,19.8,19.9,12.8,21.0
Plum Branch,25.5,21.5,21.7,9.6,21.6
Plum City,31.8,18.4,20.4,11.5,18.0
Pocatello,54.3,32.0,47.4,28.799999999999997,37.5
Point Baker,27.0,17.3,19.1,20.0,16.6
Point Comfort,27.6,12.2,23.0,15.8,21.3
Polk,30.4,17.1,21.7,10.5,20.4
Polkton,21.5,19.0,18.4,11.4,29.7
Pollock,25.6,18.7,22.6,17.5,15.7
Polo,30.3,18.2,20.6,17.6,13.3
Pomeroy,35.6,18.2,24.8,12.7,8.7
Pomona Park,45.1,17.0,25.3,5.7,6.9
Ponce,30.9,22.6,27.2,7.8,11.5
Pond Creek,36.8,11.2,19.6,20.1,12.3
Poplar Bluff,29.5,20.2,24.0,7.9,18.5
Poplar Grove,26.6,24.2,24.0,9.4,15.8
Poplarville,28.8,19.0,24.0,16.7,11.4
Poquoson,50.0,12.6,21.2,8.0,8.2
Port Charlotte,28.1,23.4,29.5,11.6,7.6
Port Huron,27.2,19.6,23.1,10.5,19.7
Port Murray,35.2,17.3,26.1,10.3,11.2
Port Saint Joe,32.3,22.5,25.0,10.1,10.2
Portales,28.5,25.9,22.2,13.3,10.1
Porter,66.80000000000001,31.7,42.3,23.1,36.1
Portis,40.0,15.0,18.6,10.8,15.6
Portland,65.2,32.8,40.099999999999994,18.799999999999997,43.0
Portola,33.2,25.4,17.0,13.4,11.0
Portsmouth,29.9,20.2,24.4,11.8,13.6
Post,24.0,21.9,22.3,15.9,15.9
Postville,27.9,17.1,22.1,12.7,20.3
Poteau,25.8,19.5,21.3,15.8,17.6
Poulan,24.5,17.3,23.5,15.5,19.3
Powder River,29.8,17.1,24.9,14.6,13.5
Powder Springs,33.6,14.7,28.0,11.5,12.1
Powderly,27.6,18.8,25.3,11.7,16.6
Powellsville,23.9,14.4,20.2,14.7,26.8
Powers Lake,32.7,16.7,17.0,20.8,12.8
Powhattan,31.7,19.0,19.9,8.3,21.1
Prairie,25.7,18.8,22.2,9.7,23.5
Prairie Du Sac,59.900000000000006,35.2,48.8,21.8,34.2
Prescott,34.9,27.3,16.3,13.0,8.5
Presidio,33.9,25.7,17.7,16.6,6.1
Preston,82.8,55.8,57.199999999999996,42.4,61.8
Primghar,28.4,15.1,23.3,10.7,22.5
Prince George,35.8,17.5,23.7,8.6,14.3
Princeton,57.599999999999994,33.4,43.3,24.6,41.2
Prosser,24.8,16.9,21.1,21.0,16.2
Providence,26.2,15.4,17.6,18.4,22.5
Prudenville,24.7,18.3,28.5,12.9,15.5
Prudhoe Bay,24.0,15.0,18.4,25.0,17.5
Puerto Real,24.7,25.9,26.1,12.3,11.0
Pukwana,35.2,30.2,15.0,11.9,7.7
Pulaski,26.7,14.8,22.4,9.1,26.9
Punta Santiago,31.1,21.6,24.3,10.1,12.8
Puryear,27.0,15.4,25.3,10.9,21.4
Pyote,20.3,19.2,22.0,21.7,16.8
Quakertown,34.3,16.8,25.4,7.3,16.2
Quebradillas,26.9,20.7,29.2,12.1,11.1
Quenemo,30.0,16.4,22.3,12.5,18.8
Quincy,55.099999999999994,41.2,39.3,31.7,32.6
Quitman,25.9,17.3,23.4,12.6,20.7
Racine,32.5,17.0,22.8,9.1,18.6
Radford,33.5,27.5,24.6,3.5,10.9
Rainbow,35.6,13.2,21.0,16.4,13.9
Raleigh,23.1,24.1,23.4,15.2,14.1
Ralls,28.9,19.6,20.0,22.6,9.0
Ralston,59.7,38.9,46.2,28.9,26.4
Ranburne,28.9,11.7,23.1,15.6,20.7
Randolph,101.10000000000001,46.5,61.0,49.5,41.9
Rapid City,65.4,38.2,50.0,25.1,21.5
Raquette Lake,34.0,28.1,19.0,11.8,7.0
Ratliff City,27.7,18.4,24.4,12.0,17.5
Ravenden,30.4,16.8,19.8,14.0,19.0
Ravenna,24.9,18.0,18.3,12.0,26.7
Ray City,28.4,15.4,31.8,10.0,14.3
Rayville,26.5,24.0,23.3,13.2,12.9
Raywick,25.3,18.5,17.8,10.2,28.2
Red Boiling Springs,22.0,14.6,21.5,15.9,25.9
Red Bud,24.6,20.4,19.3,12.1,23.6
Red Cloud,34.7,16.4,17.9,16.2,14.9
Red Springs,54.900000000000006,41.099999999999994,42.8,25.299999999999997,35.7
Red Valley,28.8,25.7,20.4,13.4,11.8
Redmond,37.3,18.9,24.5,9.2,10.1
Redvale,37.1,18.9,23.2,10.9,9.8
Redwood Falls,33.6,18.7,19.3,13.2,15.2
Reed Point,31.2,15.2,18.3,26.0,9.3
Reedy,26.5,16.4,26.5,18.2,12.4
Reelsville,26.7,18.3,22.5,9.9,22.6
Refugio,23.0,24.0,21.2,16.6,15.2
Regent,37.2,14.0,21.1,17.1,10.6
Register,32.3,23.0,22.9,9.2,12.5
Reinbeck,34.1,12.8,23.6,12.5,16.9
Reliance,26.3,17.0,23.2,11.4,22.2
Rembert,28.6,18.4,23.9,9.1,20.0
Remsen,31.8,15.2,23.9,11.3,17.7
Renick,26.8,16.5,28.4,10.6,17.7
Reno,33.2,21.4,26.5,7.8,11.1
Rensselaer,27.1,15.5,19.3,18.7,19.4
Resaca,19.5,15.3,23.1,11.9,30.3
Reserve,36.6,19.6,24.8,12.6,6.3
Rice,25.2,20.0,22.4,11.5,20.9
Riceboro,22.8,18.7,28.5,9.5,20.5
Richards,24.7,17.9,20.8,17.3,19.3
Richburg,22.3,15.8,26.6,10.6,24.8
Richey,36.0,17.9,16.4,14.7,14.9
Richfield,29.3,13.0,20.0,20.8,16.8
Richfield Springs,36.8,20.2,22.4,9.5,11.1
Richmond,83.5,38.3,49.3,12.0,17.0
Richton,29.7,17.4,20.0,12.8,20.1
Richview,31.6,15.9,18.8,12.3,21.4
Ridgeville,24.6,22.5,23.1,12.7,17.1
Ridgeway,25.7,21.7,27.5,8.8,16.3
Ridgway,71.6,35.3,33.1,20.9,39.2
Rifle,27.8,18.5,18.8,21.1,13.8
Rincon,78.4,61.0,70.9,40.5,49.2
Ringgold,28.0,20.9,16.1,20.8,14.3
Ringling,35.5,18.9,20.2,14.3,11.2
Ripon,28.0,18.4,24.1,12.9,16.5
Rising City,29.4,13.3,19.0,16.9,21.4
Rising Sun,35.8,18.1,21.7,10.8,13.6
Riverside,47.7,16.9,22.2,5.3,7.9
Rivervale,24.2,17.4,22.8,15.3,20.3
Riviera,30.6,23.4,18.9,17.3,9.9
Roanoke,138.8,71.1,98.6,27.4,64.2
Roaring Spring,30.6,19.4,25.3,8.8,15.9
Roaring Springs,38.8,14.8,16.1,24.6,5.7
Robersonville,29.8,17.2,21.9,11.5,19.6
Roberts,71.0,33.2,45.5,26.6,23.7
Robins,38.2,15.0,25.2,8.3,13.3
Robinson,28.1,16.2,20.9,11.3,23.4
Robstown,28.7,21.5,24.3,13.3,12.2
Rochelle,28.9,22.8,17.7,12.8,17.7
Rocheport,34.0,16.5,22.3,11.9,15.2
Rochester,77.3,35.7,48.1,16.9,21.9
Rock Island,29.4,24.4,18.2,9.1,19.0
Rockford,97.0,42.900000000000006,70.8,33.4,56.0
Rockville,56.2,15.5,18.2,5.8,4.3
Rockwood,31.1,18.3,23.8,9.7,17.1
Rogers,62.300000000000004,28.2,45.8,24.9,38.7
Rogerson,22.7,14.9,17.1,26.3,19.0
Rolla,26.1,19.2,19.2,25.2,10.3
Rolling Fork,19.0,23.9,19.0,13.1,24.9
Roma,21.6,30.6,18.0,17.4,12.4
Rome City,24.0,14.8,17.6,10.9,32.6
Romney,37.9,18.2,21.0,7.0,15.9
Roopville,26.3,18.3,22.4,13.1,19.9
Roper,21.7,18.2,19.4,13.9,26.8
Roscommon,27.2,23.2,21.8,11.2,16.6
Roseau,28.7,13.0,16.9,8.3,33.1
Roseboro,24.9,18.5,17.8,16.4,22.4
Roseglen,33.8,18.1,19.1,17.2,11.8
Roseville,29.8,15.6,16.6,17.2,20.7
Rossburg,24.9,14.9,19.9,13.2,27.0
Rosston,20.3,24.7,22.2,11.7,21.1
Rossville,24.9,16.0,22.8,12.0,24.3
Rotan,28.9,19.8,22.4,17.6,11.3
Rowlett,45.3,12.5,25.4,8.5,8.3
Roxie,26.9,11.2,19.1,21.6,21.2
Rufus,35.0,17.8,15.8,16.2,15.1
Rugby,64.2,32.099999999999994,40.6,39.0,24.0
Rumely,29.5,19.3,23.4,9.3,18.5
Runnemede,38.8,17.4,25.8,7.0,11.0
Rupert,25.7,18.3,21.0,17.4,17.6
Russell,60.0,36.3,44.7,27.7,31.200000000000003
Russell Springs,28.4,13.3,23.0,11.1,24.1
Russellville,131.60000000000002,89.7,109.4,58.6,110.7
Ruston,62.4,39.8,46.2,25.200000000000003,26.3
Ruth,26.3,16.8,24.0,10.5,22.4
Rutherfordton,33.0,18.2,24.1,11.5,13.2
Ruthville,22.1,18.6,25.8,11.5,22.1
Rutledge,53.6,32.6,40.0,33.5,40.3
Sabana Grande,33.4,25.5,20.8,8.9,11.3
Sacramento,30.5,14.1,20.8,12.7,21.9
Sacred Heart,32.5,15.4,17.8,14.1,20.2
Sadieville,58.400000000000006,32.9,43.7,16.5,48.4
Safford,56.3,44.1,45.3,21.6,32.7
Saginaw,30.4,21.3,25.5,7.7,15.2
Saint Ansgar,30.0,15.9,18.5,15.1,20.5
Saint Bonifacius,47.7,15.6,23.2,4.3,9.2
Saint Clair,28.1,15.4,23.8,12.9,19.8
Saint Clair Shores,33.8,17.9,25.3,7.5,15.6
Saint Hilaire,28.4,13.8,29.7,9.6,18.5
Saint John,37.5,20.9,20.8,12.6,8.2
Saint Louis,82.80000000000001,39.5,48.599999999999994,10.3,18.8
Saint Marks,29.5,19.8,29.5,12.6,8.7
Saint Mary,28.2,13.2,22.7,14.5,21.4
Saint Marys,71.9,33.3,47.4,23.8,23.6
Saint Onge,30.6,22.6,23.8,14.0,9.0
Saint Paris,26.5,15.9,21.5,9.5,26.6
Saint Paul,43.1,17.2,23.0,5.2,11.5
Saint Petersburg,37.4,18.9,28.0,7.2,8.6
Saint Simons Island,31.9,23.5,24.6,8.8,11.2
Saint Vincent,33.9,14.3,17.5,11.5,22.8
Salem,120.5,70.5,83.80000000000001,53.3,72.1
Salemburg,24.6,16.4,20.6,18.4,20.0
Salina,27.7,20.2,22.6,12.8,16.8
Salinas,55.8,42.8,42.0,37.5,21.9
Salisbury,28.7,18.1,22.6,12.4,18.2
Salt Lake City,37.4,14.9,27.5,8.2,12.0
Saltillo,23.6,20.4,24.1,11.4,20.6
Saluda,28.6,19.8,24.8,13.6,13.2
Salvisa,29.0,15.9,25.5,10.5,19.0
Salyersville,28.1,19.1,16.1,20.0,16.8
San Acacia,35.7,26.5,15.3,10.8,11.8
San Angelo,36.8,12.3,19.9,13.8,17.3
San Augustine,20.5,16.9,22.0,15.6,25.0
San Bernardino,28.7,18.9,25.4,10.2,16.7
San Francisco,53.4,17.0,20.5,3.7,5.4
San German,57.400000000000006,42.8,56.0,19.4,24.3
San Juan,92.4,67.5,85.0,28.7,26.4
San Lorenzo,29.3,20.6,25.6,11.7,12.9
San Rafael,51.4,15.8,22.8,5.6,4.4
San Sebastian,32.2,15.7,26.6,14.0,11.6
San Ygnacio,16.7,29.4,16.0,20.4,17.5
Sand Lake,25.0,16.2,23.5,13.0,22.3
Sanders,31.1,12.7,18.5,33.5,4.2
Sanderson,29.6,20.4,24.0,11.5,14.5
Sandy Hook,56.4,26.1,47.6,33.8,36.1
Sandy Ridge,29.8,17.5,18.6,12.1,22.0
Sanford,60.8,36.5,46.8,23.200000000000003,32.6
Santa Barbara,35.2,21.3,21.2,14.0,8.3
Santa Fe,43.3,20.4,21.5,8.0,6.8
Santa Rosa,36.3,19.8,23.4,10.6,9.8
Santa Teresa,31.7,22.8,25.4,11.6,8.5
Sarahsville,22.9,15.9,25.0,10.5,25.7
Sarasota,34.2,22.8,26.9,9.0,7.1
Sardis,22.6,14.7,23.4,21.9,17.4
Satanta,27.5,15.4,20.2,22.4,14.5
Saucier,22.2,25.0,22.3,15.3,15.2
Sauk Rapids,29.5,17.4,21.3,11.5,20.3
Saulsbury,26.0,20.3,19.8,9.2,24.7
Savage,28.7,12.4,23.4,21.7,13.8
Savannah,35.1,21.2,23.5,8.8,11.4
Savonburg,29.6,17.3,19.8,9.2,24.1
Sawyer,27.8,23.2,19.3,13.5,16.3
Saxe,25.1,21.6,23.1,15.8,14.4
Scandia,35.1,17.1,20.2,13.5,14.1
Schellsburg,25.8,17.1,22.1,13.4,21.5
Schlater,31.5,19.2,23.5,9.8,16.1
Scobey,43.8,18.1,21.1,9.2,7.9
Scottown,28.4,17.3,23.9,11.0,19.4
Scotts Hill,26.1,14.9,21.6,12.4,25.0
Scottsville,91.3,55.2,69.8,36.5,47.3
Seal Beach,40.1,17.5,25.6,6.8,10.1
Seattle,49.1,15.6,21.1,5.6,8.6
Sebasco Estates,36.7,19.4,22.9,10.4,10.6
Secor,37.1,17.5,22.6,8.9,14.0
Sedalia,54.9,37.099999999999994,44.1,21.5,42.4
Sedgwick,34.4,19.9,19.3,13.6,12.7
Selby,32.8,20.2,22.0,15.3,9.8
Selfridge,40.8,26.7,19.3,5.6,7.6
Selinsgrove,26.5,19.2,22.0,12.4,19.9
Selmer,26.5,16.5,19.4,12.5,25.0
Seminary,22.4,15.2,24.3,19.2,18.9
Seneca,31.0,18.0,22.0,10.2,18.7
Seney,25.8,25.2,22.1,14.0,12.9
Senoia,34.0,16.3,24.2,10.0,15.4
Sentinel,31.2,15.6,22.1,14.8,16.3
Sextons Creek,25.2,18.0,24.1,15.0,17.7
Seymour,37.6,12.0,21.9,21.7,6.8
Shady Dale,23.3,15.0,22.6,19.0,20.1
Shalimar,34.0,22.4,25.3,9.6,8.8
Shallowater,26.1,18.0,23.2,17.6,15.0
Shambaugh,33.5,16.1,21.1,9.0,20.3
Sharon,28.2,14.8,20.5,20.1,16.5
Sharon Grove,22.8,13.4,18.9,15.9,29.0
Shattuck,35.9,8.9,21.9,19.0,14.3
Shawnee,31.0,19.3,23.5,12.4,13.8
Shawsville,29.7,13.9,22.3,15.7,18.4
Sheboygan,29.1,17.2,21.7,8.0,24.0
Shellsburg,32.5,13.8,23.8,11.1,18.8
Shelton,44.1,17.6,23.8,7.5,7.0
Sheridan Lake,40.5,19.6,16.9,14.5,8.4
Shermans Dale,28.7,14.8,25.0,14.7,16.7
Sherwood,22.8,19.3,23.6,9.6,24.7
Shields,34.7,17.2,23.3,12.0,12.8
Shippenville,29.8,22.0,19.7,12.5,15.9
Shipshewana,19.5,12.1,15.8,11.8,40.9
Shirley,31.4,21.6,14.1,21.0,11.9
Shoshone,49.2,39.7,35.7,42.099999999999994,33.3
Shuqualak,22.9,21.9,15.2,13.3,26.8
Sibley,29.1,15.6,18.8,17.9,18.6
Sidney,56.9,36.9,42.6,33.4,30.2
Sikeston,26.7,20.8,21.9,11.2,19.4
Silver City,93.7,59.900000000000006,67.0,38.5,40.9
Silver Creek,30.2,19.2,22.6,12.5,15.5
Silverton,33.7,16.6,16.6,20.6,12.4
Simpson,21.7,23.6,20.1,13.5,21.1
Singer,25.9,17.0,21.7,16.9,18.5
Sioux Falls,33.2,17.4,27.2,8.6,13.6
Sitka,37.6,18.6,21.4,11.6,10.8
Skagway,27.5,16.9,21.0,10.2,24.4
Skamokawa,28.0,17.6,19.5,15.4,19.6
Skidmore,67.19999999999999,39.2,36.0,26.0,31.599999999999998
Slaterville Springs,51.8,17.7,18.0,6.1,6.5
Sledge,23.9,36.6,21.5,3.5,14.5
Slinger,35.4,14.0,25.1,8.7,16.8
Smartville,28.1,20.9,24.7,14.7,11.7
Smelterville,27.9,23.0,21.3,16.9,10.9
Smithburg,26.5,14.8,26.5,23.5,8.7
Smithfield,34.5,15.8,25.0,12.2,12.5
Smithville,60.8,32.3,42.2,16.8,47.9
Sneedville,26.6,19.4,14.7,17.3,22.1
Snelling,22.7,18.6,21.2,20.2,17.4
Snook,27.4,16.4,22.8,15.9,17.6
Snyder,24.4,19.6,19.4,23.9,12.7
Social Circle,31.3,18.9,21.1,11.0,17.6
Soddy Daisy,24.4,19.1,20.5,15.3,20.7
Soldier,33.0,16.0,21.5,11.9,17.6
Solon Springs,29.5,21.2,24.1,9.6,15.5
Somerset,26.1,19.5,20.2,14.0,20.1
Somerville,36.7,17.0,24.9,7.0,14.3
Sondheimer,27.9,27.6,15.5,14.5,14.5
Sonora,25.8,14.6,14.5,26.8,18.3
Sorento,26.4,21.2,26.2,9.0,17.3
Sour Lake,32.2,13.2,23.5,15.8,15.2
South Beloit,30.3,17.6,24.3,7.4,20.3
South Bend,34.6,17.6,24.6,7.1,16.1
South Fork,34.6,11.0,25.9,18.8,9.7
South Plains,29.4,15.8,18.4,22.9,13.5
South Portsmouth,34.5,17.2,22.9,9.9,15.4
South Sioux City,21.6,17.5,20.9,12.7,27.3
Southport,32.7,19.4,20.8,15.3,11.7
Sparks,30.6,15.3,31.2,10.0,12.9
Sparta,55.0,54.9,40.7,17.5,31.9
Spearville,21.5,16.3,17.8,15.2,29.2
Speedwell,51.6,37.599999999999994,47.3,22.6,41.0
Spencer,22.9,20.6,12.0,26.9,17.6
Spirit Lake,34.3,15.3,21.8,11.1,17.5
Spiritwood,31.6,22.0,20.0,11.7,14.8
Spotsylvania,39.0,18.1,23.7,9.8,9.4
Spring Hill,34.2,13.0,25.4,14.0,13.5
Spring Lake,34.1,15.4,22.5,8.0,19.9
Springdale,36.5,16.9,23.3,9.2,14.1
Springfield,173.8,93.0,109.7,57.900000000000006,65.60000000000001
Springport,28.7,18.2,22.6,8.7,21.8
Spruce Pine,25.2,19.9,22.2,8.0,24.8
Squaw Lake,31.2,20.1,21.8,12.7,14.2
Stafford,36.6,19.0,19.9,14.8,9.7
Stanardsville,37.4,20.2,24.0,11.0,7.4
Stanberry,33.2,19.2,18.8,14.2,14.6
Stanchfield,28.4,16.3,25.5,12.6,17.2
Stanley,26.0,20.3,25.0,15.0,13.6
Stanton,25.0,17.5,19.4,9.5,28.6
Staples,24.7,16.4,23.7,11.7,23.4
Stapleton,78.7,43.6,70.19999999999999,49.7,57.9
Star,31.4,14.3,28.1,15.1,11.2
Starbuck,35.2,14.9,22.7,9.1,18.1
Starkville,43.9,17.0,22.1,5.8,11.2
Staten Island,39.2,19.5,24.3,9.0,8.0
Statenville,21.7,13.2,19.2,28.9,17.1
Statesville,34.3,15.0,24.6,9.3,16.9
Statham,27.3,14.6,29.7,12.2,16.3
Steamboat Rock,29.4,17.9,19.1,12.8,20.8
Steamboat Springs,33.0,23.1,24.2,12.1,7.6
Steens,29.4,18.0,25.5,9.5,17.7
Stephan,37.8,18.9,15.1,18.5,9.7
Stephens,27.4,16.1,26.9,11.2,18.4
Sterling,83.3,31.4,44.5,14.1,26.7
Sterling City,30.7,13.9,25.2,21.4,8.7
Stet,28.1,18.8,22.3,13.7,17.0
Stevenson,25.3,14.1,21.1,13.0,26.6
Stewart,36.7,24.2,22.5,8.3,8.3
Stilwell,74.69999999999999,31.2,43.599999999999994,20.1,30.400000000000002
Stinnett,23.5,18.5,22.2,19.4,16.3
Stockport,36.1,14.7,27.7,8.5,13.0
Stockton,65.5,41.3,46.099999999999994,24.7,22.3
Stone Harbor,35.1,22.1,24.4,11.0,7.4
Stone Lake,30.6,21.0,23.8,11.1,13.5
Stoneville,25.0,18.7,24.2,11.2,20.9
Stony Point,69.5,31.7,45.0,17.8,35.9
Stowell,34.4,10.7,18.9,16.4,19.6
Strafford,26.6,17.1,22.5,14.0,19.9
Strandburg,35.2,12.3,20.1,15.2,17.1
Strasburg,41.2,16.5,26.1,7.8,8.5
Stratford,88.6,46.4,64.0,46.900000000000006,54.1
Strawn,25.2,16.3,22.2,16.2,20.1
Streetman,26.1,23.6,19.8,16.4,14.2
Stringtown,28.5,19.1,21.4,13.8,17.2
Stuart,36.7,21.0,25.7,9.7,6.9
Suamico,33.4,16.9,24.6,8.0,17.1
Sudlersville,40.6,15.5,25.7,9.2,9.1
Suffolk,38.1,17.3,21.9,9.4,13.2
Sugar City,61.8,45.8,50.2,20.0,22.2
Sula,33.4,17.5,23.2,15.5,10.3
Sulligent,25.9,14.1,20.6,14.7,24.7
Sullivan,52.400000000000006,33.099999999999994,42.6,28.1,43.8
Sulphur,30.3,20.6,22.3,12.9,13.9
Sulphur Springs,28.7,18.1,23.4,11.3,18.5
Summerfield,29.7,16.3,20.6,12.2,21.1
Summersville,23.1,21.3,24.3,13.9,17.4
Summertown,24.0,16.4,21.7,14.5,23.5
Summit,88.8,52.099999999999994,62.4,45.1,51.400000000000006
Sumner,26.9,16.5,24.4,12.6,19.5
Sunburg,32.8,16.3,19.1,11.3,20.4
Sunbury,54.3,37.4,44.9,22.8,40.7
Sundance,32.1,12.6,14.1,22.7,18.6
Sunnyside,37.7,16.4,22.0,12.2,11.8
Sunset,26.0,20.9,24.8,15.3,12.9
Suquamish,37.9,19.1,22.4,10.2,10.4
Surry,23.1,15.3,22.9,15.4,23.3
Sutton,32.8,16.6,22.3,17.9,10.5
Swanquarter,31.5,21.9,20.6,13.5,12.5
Swansea,28.3,15.6,22.0,12.9,21.3
Sweet,30.8,19.2,25.6,14.3,10.1
Sweetwater,26.2,18.3,21.0,11.3,23.2
Sycamore,30.9,15.0,21.7,7.0,25.3
Sylacauga,18.0,19.8,21.9,12.7,27.6
Sylva,32.3,20.1,21.6,12.8,13.3
Symsonia,30.2,17.2,21.5,10.8,20.2
Syracuse,70.3,29.1,44.8,34.2,21.5
Tacoma,33.3,18.3,24.7,10.6,13.1
Tahoka,29.4,16.5,25.6,19.5,9.0
Talala,36.4,18.3,23.3,10.1,11.9
Tallahassee,44.3,17.9,27.1,5.5,5.2
Talmage,28.9,19.7,22.1,11.5,17.8
Tannersville,28.6,17.5,24.4,14.7,14.8
Taos Ski Valley,35.7,25.0,21.4,12.3,5.6
Tappahannock,22.5,23.9,26.4,11.4,15.7
Tarpley,35.8,18.5,21.2,16.4,8.1
Taylor,96.3,57.00000000000001,60.9,36.3,49.6
Taylorsville,58.3,35.1,47.2,21.5,37.8
Tea,44.7,11.4,25.6,8.5,9.9
Teigen,43.7,8.3,21.7,20.1,6.3
Tekonsha,27.7,19.9,22.9,7.8,21.6
Tell,34.2,21.9,18.2,8.7,17.1
Terra Bella,23.9,18.6,20.4,22.9,14.3
Terre Haute,31.2,20.5,22.6,8.4,17.3
Terrebonne,26.3,21.0,21.8,13.5,17.4
Terry,40.0,16.4,15.1,21.7,6.8
The Dalles,28.0,22.7,22.2,16.4,10.7
Thedford,42.3,10.6,17.9,18.4,10.6
Theodosia,25.2,13.8,22.8,17.4,20.8
Thornton,33.7,19.4,17.6,13.7,15.7
Three Rivers,27.1,17.1,21.7,14.2,19.9
Three Springs,28.7,19.5,20.8,13.2,17.8
Tignall,19.6,18.7,25.1,19.2,17.4
Tilden,63.199999999999996,36.8,50.599999999999994,27.7,21.7
Tiline,21.0,14.6,21.0,22.6,20.7
Tillar,27.7,16.5,22.7,16.5,16.6
Timewell,26.8,15.8,20.8,16.4,20.2
Timmonsville,28.8,17.0,25.6,8.9,19.6
Tioga,33.4,20.5,19.0,13.3,13.7
Tippecanoe,24.9,14.5,16.7,10.9,33.0
Tiptonville,25.7,29.2,18.2,12.0,15.0
Tobias,29.4,19.9,21.6,10.4,18.6
Tokio,32.1,20.1,16.6,17.8,13.4
Toledo,61.5,35.9,44.0,19.8,38.9
Toluca,28.2,19.6,19.8,11.8,20.6
Topeka,36.0,19.5,24.8,8.1,11.6
Topton,29.6,24.5,24.2,11.8,9.9
Torrey,31.1,18.5,25.3,14.2,10.9
Tow,32.2,19.5,28.5,10.0,9.8
Townsend,31.7,13.0,20.3,21.9,13.0
Trade,26.5,19.5,21.9,12.4,19.7
Trail City,42.4,20.1,17.4,13.7,6.5
Treloar,24.6,17.9,23.3,17.0,17.1
Trenton,73.8,36.3,45.400000000000006,18.2,26.4
Tribune,36.3,14.4,27.2,10.8,11.3
Trimble,31.0,15.7,19.9,8.6,24.8
Trinchera,28.3,20.0,23.0,16.2,12.4
Trion,50.400000000000006,31.6,42.7,24.8,50.6
Tripp,33.5,22.7,18.9,13.8,11.0
Trout,30.7,19.0,19.8,19.9,10.6
Trout Creek,27.0,21.1,20.0,20.5,11.5
Troy,97.30000000000001,32.900000000000006,44.2,12.1,13.4
Truckee,81.0,38.900000000000006,49.8,16.5,13.8
Trujillo Alto,37.4,16.9,30.0,8.4,7.3
Truman,28.1,13.5,18.3,16.1,24.0
Trumbull,33.7,20.1,20.1,9.9,16.2
Tuckasegee,31.6,29.7,21.2,11.4,6.2
Tullahoma,29.9,16.4,20.9,11.5,21.2
Tumacacori,26.8,18.6,31.6,10.1,12.9
Tunkhannock,25.8,16.5,24.1,13.7,19.9
Tununak,35.2,19.3,24.4,8.1,13.0
Turkey,20.6,23.9,21.9,25.9,7.7
Tuscumbia,25.4,22.4,27.0,10.4,14.9
Tuthill,42.2,16.4,20.6,13.0,7.8
Tuttle,29.2,17.3,23.3,14.0,16.2
Tutwiler,33.2,21.7,17.8,12.1,15.1
Twin Lake,28.3,20.4,22.6,7.3,21.4
Twin Lakes,27.2,24.6,19.5,18.0,10.7
Two Dot,40.2,15.0,18.1,21.9,4.7
Two Harbors,30.5,23.6,18.2,13.6,14.2
Tylerton,26.9,24.3,25.2,11.0,12.7
Tyndall,39.5,19.4,16.7,8.4,15.9
Tyner,33.7,16.0,22.0,17.0,11.3
Tyro,33.1,22.1,21.2,12.5,11.1
Tyrone,43.3,13.2,25.0,6.8,11.7
Ullin,25.9,26.7,20.2,10.4,16.7
Ulysses,34.3,13.0,15.1,21.0,16.7
Umpire,25.6,14.4,19.4,13.4,27.1
Unalaska,16.9,10.5,17.6,14.1,40.9
Underwood,21.2,17.4,19.9,8.8,32.7
Union,48.8,35.5,40.099999999999994,26.9,48.8
Union Point,24.1,25.1,24.0,10.4,16.3
Union Star,27.3,16.8,21.0,17.5,17.5
Uniontown,28.0,17.0,24.4,11.9,18.6
Unionville,68.9,40.3,42.9,17.9,30.1
University Park,32.3,15.3,21.0,11.4,20.1
Upland,60.699999999999996,34.8,45.5,24.3,34.7
Urbana,44.8,18.7,21.4,5.4,9.7
Utica,32.7,19.0,23.0,8.5,16.7
Utuado,26.5,27.0,24.8,13.7,7.9
Valdosta,54.0,37.099999999999994,53.0,24.8,31.099999999999998
Vale,57.8,39.5,38.400000000000006,32.2,32.0
Vallejo,34.8,22.0,20.8,11.6,10.8
Valley Center,34.9,16.8,24.0,10.2,14.1
Valley Grove,34.0,21.2,25.0,8.3,11.5
Valley Lee,44.0,17.0,20.7,10.9,7.4
Valley Springs,66.8,37.8,46.099999999999994,23.3,25.9
Valley Stream,43.6,16.3,26.2,6.8,7.1
Vallonia,27.1,14.7,22.6,9.0,26.6
Van,34.3,17.8,23.5,11.4,13.1
Van Buren,32.5,17.1,19.6,8.3,22.6
Van Horn,20.1,32.2,24.2,15.7,7.8
Vanderbilt,55.4,33.5,46.4,30.7,34.1
Vanleer,20.7,17.8,19.6,18.1,23.9
Vanzant,20.4,15.3,25.1,17.0,22.3
Varnell,21.1,13.8,22.6,9.0,33.5
Varnville,23.2,20.9,24.5,12.6,18.7
Vaughn,33.8,21.8,30.1,6.9,7.3
Vega Alta,88.4,61.7,81.5,29.3,39.099999999999994
Venango,41.8,11.8,18.5,19.1,8.8
Ventura,30.2,17.7,24.8,7.4,19.9
Venus,28.1,19.5,22.8,9.3,20.2
Vernal,28.1,11.7,25.3,18.6,16.3
Vernon,38.8,16.1,26.3,9.7,9.2
Vero Beach,32.3,22.2,26.6,10.7,8.3
Verona,36.3,20.6,24.0,7.5,11.6
Versailles,38.0,15.0,22.4,12.7,11.9
Vevay,17.4,24.9,20.1,14.0,23.7
Vian,28.0,21.6,20.7,12.1,17.6
Vicksburg,75.0,40.7,43.4,15.4,25.5
Victoria,60.0,36.0,54.099999999999994,24.5,25.5
Victory Mills,44.1,15.4,24.1,7.9,8.6
Vidalia,18.5,24.0,23.0,13.6,21.0
Vienna,67.80000000000001,30.1,47.6,28.400000000000002,25.9
Vieques,18.4,38.2,18.5,15.7,9.1
Villalba,23.6,21.0,21.8,13.9,19.7
Villard,33.2,16.9,24.2,9.2,16.5
Ville Platte,26.4,19.0,21.5,19.5,13.6
Villisca,36.3,12.8,18.8,11.2,20.9
Vincent,33.0,25.3,18.7,15.4,7.7
Virginia Beach,39.6,17.5,25.8,9.1,8.0
Volborg,32.6,20.3,25.8,13.1,8.2
Wa Keeney,34.0,12.4,27.6,12.6,13.3
Wabeno,29.2,22.2,17.5,15.3,15.9
Waco,36.7,17.3,21.9,10.5,13.6
Waddy,36.4,14.8,24.7,9.5,14.5
Wakefield,26.9,23.2,22.6,13.7,13.6
Walden,32.7,14.4,15.2,25.8,11.9
Walkerton,26.9,18.4,23.6,10.0,21.0
Wall,31.1,19.5,23.7,12.9,12.8
Walla Walla,35.2,21.1,22.3,11.9,9.4
Wallace,64.30000000000001,32.1,43.3,29.299999999999997,31.0
Walland,32.4,16.7,26.1,10.7,14.1
Walnut,115.7,68.8,89.69999999999999,36.9,88.8
Walsenburg,33.2,23.7,21.7,14.0,7.5
Walstonburg,24.7,19.2,20.4,17.7,18.0
Walton,35.3,17.6,19.0,8.8,19.3
Wanchese,30.2,20.3,27.8,14.0,7.7
Wann,26.2,16.1,24.5,14.1,19.2
Ward Cove,30.4,16.3,26.7,12.8,13.8
Warfield,27.2,16.4,20.6,22.4,13.3
Warner Robins,31.9,14.2,28.0,13.2,12.8
Warren,100.9,56.2,69.7,41.4,32.0
Warsaw,21.3,16.8,23.5,13.1,25.3
Wartrace,24.1,12.4,25.5,9.6,28.3
Warwick,29.9,19.6,25.5,12.0,13.0
Washburn,23.7,15.2,24.7,13.8,22.6
Washington,60.8,32.7,41.3,29.799999999999997,35.5
Washington Court House,24.6,18.1,25.5,9.9,21.8
Washougal,34.8,16.7,19.3,13.0,16.2
Wataga,30.0,19.5,23.6,8.5,18.4
Waterloo,91.2,56.2,72.2,27.799999999999997,52.5
Waterproof,23.2,25.9,19.6,18.2,13.0
Wathena,30.8,15.6,21.6,12.0,19.9
Watkins Glen,32.8,20.6,20.2,12.1,14.3
Watrous,31.1,30.4,16.5,14.9,7.0
Watseka,28.5,16.2,22.5,13.5,19.3
Waubun,26.8,31.5,18.7,13.1,9.9
Wauchula,20.1,17.9,20.3,27.9,13.8
Waucoma,31.4,19.4,17.9,12.3,18.9
Waupaca,31.7,17.8,25.8,8.7,16.1
Waurika,24.3,20.8,18.4,17.1,19.3
Wautoma,22.5,19.2,20.4,13.5,24.4
Waverly,65.1,34.1,46.1,22.9,31.6
Waxahachie,31.7,14.5,27.1,10.9,15.9
Waycross,32.0,14.1,21.7,14.4,17.8
Wayland,25.2,13.4,18.8,13.5,29.0
Wayne,28.3,14.9,23.7,14.0,19.0
Waynesboro,27.3,20.3,27.6,7.6,17.2
Waynesburg,25.5,17.2,20.7,13.0,23.6
Waynesville,27.2,17.6,26.6,13.3,15.4
Waynetown,26.6,15.8,17.1,12.1,28.4
Weatherford,37.6,14.4,24.8,12.2,11.0
Weaubleau,29.2,16.8,22.7,14.9,16.3
Webb,28.4,14.2,24.9,13.5,19.0
Webb City,29.6,17.9,25.8,9.4,17.3
Webbville,23.7,22.1,12.7,24.1,17.4
Webster,32.6,19.3,16.7,13.9,17.5
Weinert,30.8,24.3,16.2,15.4,13.3
Weirton,29.8,23.1,21.3,12.3,13.6
Welch,24.9,19.8,22.7,16.5,16.0
Welcome,30.9,16.6,21.8,13.2,17.5
Welda,27.6,22.2,17.1,17.6,15.5
Wellington,25.4,15.5,18.6,27.1,13.5
Wellman,32.5,16.2,22.5,14.3,14.5
Wellston,23.8,21.2,17.4,14.6,23.0
Wellsville,27.8,19.0,19.9,11.1,22.2
Wellton,25.0,24.1,22.9,16.3,11.8
Wenden,25.2,21.7,21.8,20.6,10.7
West Branch,24.8,21.8,25.8,12.2,15.5
West Fargo,37.9,16.3,24.5,9.2,12.1
West Harrison,29.6,18.3,22.7,11.3,18.1
West Liberty,83.8,50.99999999999999,56.3,35.7,73.2
West Monroe,33.8,18.9,27.5,8.9,10.9
West Palm Beach,35.6,22.0,26.3,8.9,7.2
West Pawlet,34.7,18.9,22.8,10.4,13.3
West Point,23.4,19.9,21.9,11.1,23.7
West Salem,53.5,29.6,43.2,24.3,49.5
Westcliffe,24.2,25.6,19.4,23.3,7.4
Westerville,51.9,11.6,24.3,5.2,7.0
Westfield,23.5,24.9,20.1,11.9,19.6
Westhope,35.3,17.0,19.5,17.3,10.9
Weston,26.9,19.8,21.3,13.5,18.5
Westpoint,24.0,20.1,24.3,15.1,16.5
Westport,67.6,31.799999999999997,36.8,21.2,42.6
Wewahitchka,26.9,23.4,24.1,13.0,12.6
Wheatland,32.5,18.2,19.5,16.6,13.2
Wheelersburg,32.7,21.6,21.6,9.4,14.7
White City,32.1,21.8,25.0,9.2,11.9
White House,35.1,15.0,27.5,8.1,14.4
White Lake,47.8,14.4,23.8,4.9,9.0
White Mountain,34.7,22.4,22.1,11.4,9.4
White Pigeon,28.2,15.4,21.9,11.9,22.5
White Sulphur Springs,31.9,19.3,21.6,13.0,14.1
Whitehall,77.6,37.6,33.4,35.3,16.1
Whites City,26.7,16.3,21.6,19.1,16.3
Whitewater,33.7,16.6,26.4,15.8,7.5
Whiting,40.8,17.6,17.4,12.2,12.1
Whitman,36.3,17.7,20.6,15.0,10.4
Whitney,26.0,18.1,24.9,15.0,16.0
Whitwell,53.0,31.8,48.6,29.1,37.400000000000006
Wibaux,37.9,19.9,10.9,15.8,15.5
Wichita,38.1,16.0,21.2,12.1,12.6
Wichita Falls,33.0,19.9,24.5,9.2,13.4
Wilderville,29.7,21.3,24.4,9.3,15.2
Wildorado,26.8,13.8,20.4,17.0,22.0
Wildrose,41.4,16.8,16.7,17.0,8.1
Wildwood,29.3,21.1,29.3,9.8,10.5
Willard,31.6,18.3,23.5,11.0,15.6
Williams,62.400000000000006,38.7,42.1,20.6,36.3
Williamsburg,200.39999999999998,122.7,145.0,55.5,76.60000000000001
Williamson,26.8,18.1,25.4,10.6,19.1
Williamsville,39.9,18.1,19.6,11.5,10.9
Williston,27.4,23.9,28.3,9.7,10.7
Willmar,32.8,17.0,20.7,12.8,16.8
Willow,31.8,22.7,20.5,14.0,11.0
Wilmar,29.2,18.9,17.8,13.0,21.0
Wilmington,71.1,43.8,47.1,20.0,17.9
Wilmore,38.8,18.4,18.9,11.6,12.4
Wilmot,27.9,14.2,25.5,19.3,13.1
Wilsey,27.4,17.5,20.1,19.3,15.6
Wilson,26.8,24.4,21.0,13.6,14.1
Wilton,26.0,19.3,19.1,10.9,24.8
Wimberley,36.9,17.6,27.6,9.4,8.4
Winamac,27.2,14.6,16.5,11.9,29.8
Winchester,134.7,68.9,90.69999999999999,43.0,62.8
Winder,51.3,14.1,20.3,5.1,9.1
Windfall,31.1,16.3,19.9,14.4,18.2
Winnebago,35.0,19.5,20.1,12.1,13.3
Winnemucca,32.4,17.1,16.9,27.9,5.7
Winnsboro,55.0,37.7,46.9,27.4,33.0
Winona,35.5,14.0,19.4,17.8,13.2
Winslow,29.1,17.6,23.1,10.1,20.1
Winter Park,77.6,37.6,56.2,13.0,15.7
Winters,28.4,16.9,23.8,14.8,16.1
Winterville,30.6,15.1,23.0,12.4,18.8
Wister,32.1,16.2,19.2,17.3,15.2
Witten,44.8,13.9,16.0,15.0,10.2
Wolf Point,52.4,6.2,22.7,13.6,5.1
Woodburn,27.0,18.7,19.7,12.2,22.4
Woodbury,24.9,14.3,22.5,12.0,26.2
Woodland,98.30000000000001,60.1,65.4,25.4,50.7
Woodville,35.1,19.4,25.9,13.1,6.5
Woodward,32.8,17.5,22.7,11.3,15.7
Worland,65.6,34.8,42.6,35.8,21.1
Worthington,28.7,14.3,20.8,11.5,24.7
Wray,55.099999999999994,35.3,41.8,34.6,33.1
Wynne,32.9,16.3,19.2,17.8,13.8
Wyoming,33.5,16.4,23.5,12.3,14.2
Yabucoa,25.9,25.9,20.7,12.8,14.7
Yakutat,29.6,14.7,18.1,22.4,15.2
Yale,27.0,15.3,24.1,9.1,24.5
Yancey,31.9,19.0,24.0,13.2,11.9
Yazoo City,24.7,17.6,17.3,13.6,26.9
Yeso,27.5,27.9,15.3,22.0,7.3
Yoakum,61.5,33.9,40.2,28.6,35.900000000000006
York,32.4,16.1,24.1,9.4,18.0
Yorkshire,27.8,15.1,19.4,9.0,28.6
Young America,25.1,18.8,18.2,9.1,28.8
Young Harris,28.7,18.9,28.0,15.8,8.7
Youngstown,31.1,19.3,25.2,8.3,16.1
Youngsville,35.4,19.0,24.7,10.7,10.3
Ypsilanti,51.3,16.2,20.0,4.4,8.1
Yuma,35.5,14.5,18.7,15.8,15.6
Zachary,37.9,19.2,24.5,8.5,9.9
Zalma,22.5,16.5,20.1,19.0,22.0
Zebulon,29.6,16.7,25.3,9.7,18.6
Zeigler,26.9,20.8,21.8,12.0,18.5
Zenda,31.3,13.7,20.9,17.3,16.8
Zwingle,25.9,16.6,22.8,11.5,23.1
